,positionId,positionName,companyId,companyFullName,companySize,industryField,financeStage,firstType,secondType,thirdType,city,district,salary,workYear,education,positionAdvantage
0,9188775,php开发工程师,117816773,北京微淼财商科技有限公司,2000人以上,教育、数据服务,未融资,开发|测试|运维类,后端开发,PHP,北京,海淀区,20k-40k,5-10年,本科,周末双休不加班，五险一金入职交全额
1,9442981,php开发工程师,147,北京拉勾网络技术有限公司,500-2000人,"工具类产品,在线教育",D轮及以上,开发|测试|运维类,后端开发,PHP,深圳,南山区,20k-30k,不限,本科,专注于母婴服饰及周边用品
2,9630278,高级php开发工程师,122457385,杭州银勤科技有限公司,50-150人,"电商平台,物联网",A轮,开发|测试|运维类,后端开发,PHP,杭州,滨江区,15k-30k,5-10年,本科,国际化，快速晋升，互联网氛围，企业文化好
3,9149155,php开发工程师,1575,百度在线网络技术（北京）有限公司,2000人以上,"人工智能服务,信息检索,科技金融",上市公司,开发|测试|运维类,后端开发,PHP,北京,海淀区,20k-40k,1-3年,本科,发展前景
4,9630839,php开发工程师,123505404,北京少广科技集团有限公司,150-500人,"软件服务｜咨询,IT技术服务｜咨询",不需要融资,开发|测试|运维类,后端开发,PHP,成都,,15k-30k,3-5年,本科,待遇优厚
5,9630411,php开发工程师,122457385,杭州银勤科技有限公司,50-150人,"电商平台,物联网",A轮,开发|测试|运维类,后端开发,PHP,杭州,,13k-20k,3-5年,本科,国际化，快速晋升，互联网氛围，企业文化好
6,9624908,php开发工程师,120807009,上海零与壹软件有限公司,15-50人,工具类产品,不需要融资,开发|测试|运维类,后端开发,PHP,桂林,七星区,4k-8k,不限,大专,周末双休、五险一金、节日福利、13薪、带薪年假
7,9617744,高级php开发工程师,324203,广州伊智信息科技有限公司,500-2000人,"软件服务｜咨询,数据服务｜咨询",不需要融资,开发|测试|运维类,后端开发,PHP,广州,番禺区,15k-25k,3-5年,本科,年终奖、未来合伙人、分红、绩效奖金
8,9623896,php开发工程师,117535620,深圳极联信息技术开发有限公司,500-2000人,软件开发,未融资,开发|测试|运维类,后端开发,PHP,上海,闵行区,13k-18k,3-5年,大专,不加班 晋升大
9,9621166,php开发工程师,124411091,太逗科技集团有限公司,150-500人,"电商平台,新媒体",不需要融资,开发|测试|运维类,后端开发,PHP,北京,丰台区,12k-16k,3-5年,本科,内部晋升机会 团队氛围nice
10,9624228,php开发工程师,117535620,深圳极联信息技术开发有限公司,500-2000人,软件开发,未融资,开发|测试|运维类,后端开发,PHP,上海,闵行区,13k-16k,1-3年,大专,带薪年假，福利待遇好
11,9620761,php开发工程师,64275,上海盛也网络技术有限公司,50-150人,消费生活,未融资,开发|测试|运维类,后端开发,PHP,上海,闵行区,17k-25k,3-5年,本科,年终+补贴+免费晚餐
12,9630210,php开发工程师,122764464,北京新锦程人力资源有限公司,15-50人,"工具类产品,IT技术服务｜咨询,专业服务｜咨询",未融资,开发|测试|运维类,后端开发,PHP,北京,,30k-50k,1-3年,本科,薪资可谈
13,9243694,PHP/Go开发工程师(J10028),117816773,北京微淼财商科技有限公司,2000人以上,教育、数据服务,未融资,开发|测试|运维类,后端开发,后端开发,北京,海淀区,20k-40k,5-10年,大专,团队氛围nice，高成长
14,9624120,php开发工程师,19179,北京共兴伟业科技有限公司,15-50人,移动互联网,未融资,开发|测试|运维类,后端开发,PHP,北京,朝阳区,15k-20k,3-5年,本科,核心项目、年终奖金、扁平管理、团队氛围好
15,9322681,php后端开发工程师,1575,百度在线网络技术（北京）有限公司,2000人以上,"人工智能服务,信息检索,科技金融",上市公司,开发|测试|运维类,后端开发,PHP,北京,海淀区,25k-50k,1-3年,本科,自动驾驶 PHP 后端开发
16,9619498,PHP开发工程师,109217,志诺维思（北京）基因科技有限公司,50-150人,"人工智能服务,数据服务｜咨询",B轮,开发|测试|运维类,后端开发,PHP,北京,海淀区,15k-22k,5-10年,本科,全勤奖 定期体检团建 五险一金双休 节日福利
17,9220894,php开发工程师,118622,北京泛为信息科技有限公司,150-500人,营销服务｜咨询,不需要融资,开发|测试|运维类,后端开发,PHP,上海,浦东新区,15k-25k,1-3年,本科,高绩效；弹性作息
18,9611930,php开发工程师,22862,上海中软华腾软件系统有限公司,2000人以上,IT技术服务｜咨询,上市公司,开发|测试|运维类,后端开发,PHP,深圳,福田区,14k-19k,3-5年,大专,项目长期稳定 地铁口附近
19,6670355,php开发工程师,550260,广州乐炫网络科技有限公司,50-150人,游戏,未融资,开发|测试|运维类,后端开发,PHP,广州,天河区,10k-18k,3-5年,大专,五险一金 年底双薪 年终奖 包中晚餐
20,9582850,php开发工程师,206607,深圳纳实大数据技术有限公司,50-150人,,不需要融资,开发|测试|运维类,后端开发,PHP,深圳,南山区,15k-25k,1-3年,本科,腾讯云旗下大数据公司，平台大，福利待遇优
21,9040166,php开发工程师,120615748,海南安迈云网络技术有限公司,500-2000人,人工智能服务,不需要融资,开发|测试|运维类,后端开发,PHP,成都,高新区,9k-14k,1-3年,本科,职位发展 绩效奖金
22,9487747,php开发工程师,193353,杭州玩心不止网络科技有限公司,150-500人,游戏,不需要融资,开发|测试|运维类,后端开发,PHP,杭州,余杭区,18k-22k,3-5年,大专,发展前景极好 全年14薪 三餐免费 团队专业
23,9612192,php开发工程师,109597,广州逸趣信息科技有限公司,50-150人,"移动互联网,广告营销",天使轮,开发|测试|运维类,后端开发,PHP,广州,天河区,8k-13k,1-3年,大专,工作氛围佳、下午茶福利、团建活动、老板nice
24,8440038,PHP工程师,1373,上海喜马拉雅科技有限公司,2000人以上,音频｜视频媒体,D轮及以上,开发|测试|运维类,后端开发,PHP,北京,朝阳区,15k-30k,3-5年,本科,有前景 团队好 成长快
25,9343694,php开发工程师,51681,深圳市萌奇文化发展有限公司,50-150人,"移动互联网,文娱丨内容",A轮,开发|测试|运维类,后端开发,后端开发,上海,浦东新区,15k-25k,3-5年,本科,五险一金、团队氛围融洽
26,7390488,php开发工程师,4112,上海韩创网络科技有限公司,500-2000人,内容社区,不需要融资,开发|测试|运维类,后端开发,PHP,上海,浦东新区,14k-20k,3-5年,大专,五险一金、公司下午茶
27,9612295,php开发工程师,614456,江苏九一网络科技有限公司,150-500人,企业服务,A轮,开发|测试|运维类,后端开发,PHP,南京,雨花台区,8k-12k,1-3年,本科,虚拟股权 年底分红 五险一金 周末双休
28,9321957,PHP/GO开发工程师(J10056),117816773,北京微淼财商科技有限公司,2000人以上,教育、数据服务,未融资,开发|测试|运维类,后端开发,PHP,北京,海淀区,18k-35k,3-5年,大专,五险一金 发展空间 氛围好 交通便利
29,9365487,php高级开发工程师,117816773,北京微淼财商科技有限公司,2000人以上,教育、数据服务,未融资,开发|测试|运维类,后端开发,PHP,北京,海淀区,20k-35k,5-10年,本科,团队协作，用户数量大，决策清晰
30,6670355,php开发工程师,550260,广州乐炫网络科技有限公司,50-150人,游戏,未融资,开发|测试|运维类,后端开发,PHP,广州,天河区,10k-18k,3-5年,大专,五险一金 年底双薪 年终奖 包中晚餐
31,8124754,php开发工程师,124652,上海微创软件股份有限公司,2000人以上,IT技术服务｜咨询,不需要融资,开发|测试|运维类,后端开发,PHP,深圳,南山区,12k-14k,1-3年,本科,免费班车，免费早餐，夜宵卷，加班费
32,9497723,php开发工程师,123879511,阿尔西亚（广州）技术有限公司,50-150人,"IT技术服务｜咨询,软件服务｜咨询,人工智能服务",不需要融资,开发|测试|运维类,后端开发,PHP,广州,白云区,7k-12k,不限,本科,高速成长 周末双休 持续学习 人性化管理
33,5989218,PHP开发工程师,525743,建顺信息科技（广州）有限公司,50-150人,"软件服务｜咨询,物流平台",B轮,开发|测试|运维类,后端开发,PHP,广州,天河区,10k-14k,3-5年,大专,弹性工作 五险一金 年终奖金 双休
34,9564905,php开发工程师,210159,深圳市联软科技股份有限公司,500-2000人,信息安全,A轮,开发|测试|运维类,后端开发,PHP,广州,天河区,9k-14k,不限,本科,双休；绩效奖；年终奖；下午茶；餐补；车补
35,6907413,PHP工程师,29614,杭州推宝科技有限公司,50-150人,IT技术服务｜咨询,不需要融资,开发|测试|运维类,后端开发,PHP,杭州,西湖区,15k-30k,1-3年,本科,团队优秀、绩效奖金、餐补、月度团建
36,9343694,php开发工程师,51681,深圳市萌奇文化发展有限公司,50-150人,"移动互联网,文娱丨内容",A轮,开发|测试|运维类,后端开发,后端开发,上海,浦东新区,15k-25k,3-5年,本科,五险一金、团队氛围融洽
37,8507298,php开发工程师,34863,车轮互联科技（上海）股份有限公司,150-500人,工具类产品,D轮及以上,开发|测试|运维类,后端开发,PHP,上海,闵行区,20k-30k,3-5年,本科,氛围佳、福利好、发展空间大
38,9609252,php开发工程师,117535620,深圳极联信息技术开发有限公司,500-2000人,软件开发,未融资,开发|测试|运维类,后端开发,PHP,上海,闵行区,14k-18k,3-5年,大专,长期稳定
39,8284248,php开发工程师,5998,北京易多客信息技术有限公司,15-50人,"软件服务｜咨询,工具类产品",不需要融资,开发|测试|运维类,后端开发,PHP,成都,锦江区,14k-28k,不限,本科,高薪酬福利；人性化管理；舒适便捷的办公环境
40,9612295,php开发工程师,614456,江苏九一网络科技有限公司,150-500人,企业服务,A轮,开发|测试|运维类,后端开发,PHP,南京,雨花台区,8k-12k,1-3年,本科,虚拟股权 年底分红 五险一金 周末双休
41,7612010,php开发工程师,120807009,上海零与壹软件有限公司,15-50人,工具类产品,不需要融资,开发|测试|运维类,后端开发,PHP,上海,闵行区,8k-15k,不限,大专,周末双休、五险一金、节日福利、13薪、带薪年假
42,8335774,php开发工程师,327740,广州九一乐维信息科技有限公司,15-50人,"企业服务,信息安全",不需要融资,开发|测试|运维类,后端开发,PHP,广州,白云区,7k-13k,1年以下,大专,六险一金、超长年假、下午茶节日福利、体检旅游
43,9582850,php开发工程师,206607,深圳纳实大数据技术有限公司,50-150人,,不需要融资,开发|测试|运维类,后端开发,PHP,深圳,南山区,15k-25k,1-3年,本科,腾讯云旗下大数据公司，平台大，福利待遇优
44,7615304,php工程师,314155,钰真（上海）信息技术有限公司,150-500人,"电商平台,制造业",未融资,开发|测试|运维类,后端开发,PHP,上海,浦东新区,15k-20k,3-5年,本科,扁平管理 做五休二 轻松活跃办公氛围
45,9306687,高级php开发工程师,310001,四川易贷网金融信息服务有限公司,500-2000人,科技金融,未融资,开发|测试|运维类,后端开发,PHP,成都,锦江区,13k-17k,3-5年,本科,双休、六险一金、员工旅游、假日福利
46,6907413,PHP工程师,29614,杭州推宝科技有限公司,50-150人,IT技术服务｜咨询,不需要融资,开发|测试|运维类,后端开发,PHP,杭州,西湖区,15k-30k,1-3年,本科,团队优秀、绩效奖金、餐补、月度团建
47,8850018,php开发工程师,307964,武汉踏浪出海科技有限公司,50-150人,科技金融,A轮,开发|测试|运维类,后端开发,PHP,武汉,江夏区,11k-16k,1-3年,本科,技术牛人多 项目提成高 工作氛围好
48,8449679,高级PHP开发工程师,5858,瑞庭网络技术（上海）有限公司,500-2000人,居住服务,上市公司,开发|测试|运维类,后端开发,PHP,上海,浦东新区,18k-36k,5-10年,本科,技术大牛带你飞
49,8335774,php开发工程师,327740,广州九一乐维信息科技有限公司,15-50人,"企业服务,信息安全",不需要融资,开发|测试|运维类,后端开发,PHP,广州,白云区,7k-13k,1年以下,大专,六险一金、超长年假、下午茶节日福利、体检旅游
50,9458304,PHP,579328,广州市赛立得科技有限公司,50-150人,"IT技术服务｜咨询,制造业",未融资,开发|测试|运维类,后端开发,全栈,广州,荔湾区,9k-12k,3-5年,大专,双休 自主开发 非外包
51,6715244,php开发工程师,30865,深圳市爱聊科技有限公司,150-500人,"软件服务｜咨询,IT技术服务｜咨询",不需要融资,开发|测试|运维类,后端开发,PHP,深圳,南山区,15k-25k,3-5年,大专,双休，奖金下午茶团建等，高于行业薪资水平
52,9029744,高级php开发工程师,37990,广州富米科技有限公司,500-2000人,电商平台,C轮,开发|测试|运维类,后端开发,PHP,广州,荔湾区,15k-30k,5-10年,本科,阿里技术leader、期权、技术团队70+
53,9450086,高级PHP开发工程师,40115,RightCapital LLC,50-150人,软件服务｜咨询,A轮,开发|测试|运维类,后端开发,PHP,北京,朝阳区,25k-40k,5-10年,本科,六险一金 休闲小食 965不加班 英语外教
54,8060972,php开发工程师,34863,车轮互联科技（上海）股份有限公司,150-500人,工具类产品,D轮及以上,开发|测试|运维类,后端开发,PHP,上海,闵行区,20k-25k,5-10年,本科,氛围佳、福利好、发展空间大
55,8312364,php开发工程师,326530,珍岛信息技术（上海）股份有限公司,2000人以上,"移动互联网,企业服务",A轮,开发|测试|运维类,后端开发,PHP,上海,静安区,15k-30k,3-5年,本科,晋升空间大，有技术大牛
56,7615304,php工程师,314155,钰真（上海）信息技术有限公司,150-500人,"电商平台,制造业",未融资,开发|测试|运维类,后端开发,PHP,上海,浦东新区,15k-20k,3-5年,本科,扁平管理 做五休二 轻松活跃办公氛围
57,9291100,php开发工程师,72034,天下秀数字科技（集团）股份有限公司,500-2000人,营销服务｜咨询,上市公司,开发|测试|运维类,后端开发,PHP,北京,朝阳区,20k-25k,3-5年,本科,上市公司 独角兽企业 行业大牛
58,8399566,PHP开发工程师,73065,南方报业传媒集团,2000人以上,文化传媒,不需要融资,开发|测试|运维类,后端开发,PHP,广州,越秀区,20k-40k,不限,本科,大平台，互联网团队，国企福利，965，年金商业险
59,8108327,php开发工程师,451892,杭州耶旺国际贸易有限公司,50-150人,电商平台,不需要融资,开发|测试|运维类,后端开发,PHP,杭州,江干区,12k-16k,3-5年,本科,弹性工作，双休，不加班，五险一金，团建。
60,9537735,php开发工程师,84502297,深圳市法本信息技术股份有限公司,2000人以上,"人工智能服务,IT技术服务｜咨询",上市公司,开发|测试|运维类,后端开发,PHP,深圳,南山区,13k-22k,3-5年,大专,项目长期稳定
61,9291100,php开发工程师,72034,天下秀数字科技（集团）股份有限公司,500-2000人,营销服务｜咨询,上市公司,开发|测试|运维类,后端开发,PHP,北京,朝阳区,20k-25k,3-5年,本科,上市公司 独角兽企业 行业大牛
62,9310978,php开发工程师,49403,深圳源中瑞科技有限公司,50-150人,"移动互联网,电商",未融资,开发|测试|运维类,后端开发,PHP,深圳,龙华新区,6k-12k,1-3年,本科,五险一金 带薪年假 健身房 晋升机制
63,9247977,php开发工程师,46188,北京小牛互联科技有限公司,150-500人,游戏,不需要融资,开发|测试|运维类,后端开发,PHP,北京,朝阳区,10k-17k,1-3年,本科,五险一金 补充医疗 员工餐
64,8958597,php开发工程师,457529,广州萌友网络科技有限公司,50-150人,游戏,未融资,开发|测试|运维类,后端开发,PHP,广州,天河区,8k-16k,1-3年,大专,多次调薪机会，你的能力决定你的薪资上
65,8312364,php开发工程师,326530,珍岛信息技术（上海）股份有限公司,2000人以上,"移动互联网,企业服务",A轮,开发|测试|运维类,后端开发,PHP,上海,静安区,15k-30k,3-5年,本科,晋升空间大，有技术大牛
66,9149752,php开发工程师,123688747,锦税（成都）信息科技有限公司,50-150人,"软件服务｜咨询,IT技术服务｜咨询,专业服务｜咨询",未融资,开发|测试|运维类,后端开发,PHP,成都,高新区,10k-15k,不限,大专,福利齐全 人性化管理
67,8474146,高级php开发工程师,5858,瑞庭网络技术（上海）有限公司,500-2000人,居住服务,上市公司,开发|测试|运维类,后端开发,PHP,北京,朝阳区,20k-35k,3-5年,本科,平台稳定+成长晋升+技术驱动+股票激励
68,6715244,php开发工程师,30865,深圳市爱聊科技有限公司,150-500人,"软件服务｜咨询,IT技术服务｜咨询",不需要融资,开发|测试|运维类,后端开发,PHP,深圳,南山区,15k-25k,3-5年,大专,双休，奖金下午茶团建等，高于行业薪资水平
69,9627159,php开发工程师,467414,食亨（上海）科技服务有限公司,500-2000人,营销服务｜咨询,B轮,开发|测试|运维类,后端开发,PHP,上海,,15k-30k,3-5年,本科,氛围好，空间大
70,5022965,PHP开发工程师,407876,马来西亚东南亚玩家商城股份有限公司成都代表处,50-150人,电商平台,未融资,开发|测试|运维类,后端开发,PHP,成都,成华区,5k-10k,1-3年,大专,"六险一金,带薪年假,周末双休,节日福利"
71,9266637,php开发工程师,51478,深圳小鹅网络技术有限公司,500-2000人,工具类产品,D轮及以上,开发|测试|运维类,后端开发,PHP,深圳,南山区,20k-35k,不限,本科,腾讯系；大牛多
72,9075276,高级php开发工程师,360527,曼迪匹艾（北京）科技服务有限公司,500-2000人,"企业服务,教育",不需要融资,开发|测试|运维类,后端开发,PHP,北京,通州区,15k-30k,3-5年,本科,五险一金、交通补助、餐补、定期体检
73,9327090,php开发工程师,46188,北京小牛互联科技有限公司,150-500人,游戏,不需要融资,开发|测试|运维类,后端开发,PHP,成都,锦江区,10k-17k,1-3年,本科,五险一金、带薪年假
74,8713169,php开发工程师,24995,上海泛微网络科技股份有限公司,2000人以上,软件服务｜咨询,上市公司,开发|测试|运维类,后端开发,PHP,上海,闵行区,14k-20k,1-3年,本科,包三餐，提供下午茶，周末双休，五险一金
75,9197677,php开发工程师,161317,湖北长江云新媒体集团有限公司,150-500人,"数据服务｜咨询,营销服务｜咨询,新媒体",未融资,开发|测试|运维类,后端开发,GO|Golang,武汉,武昌区,12k-15k,5-10年,本科,国有平台 福利完善 岗位培训
76,6739124,php开发工程师,193353,杭州玩心不止网络科技有限公司,150-500人,游戏,不需要融资,开发|测试|运维类,后端开发,PHP,杭州,余杭区,18k-22k,3-5年,本科,14薪；员工食堂；下午茶；境外旅行；年度体检
77,8309870,php开发工程师,193353,杭州玩心不止网络科技有限公司,150-500人,游戏,不需要融资,开发|测试|运维类,后端开发,PHP,杭州,余杭区,18k-22k,3-5年,本科,14薪；员工食堂；下午茶；
78,9376797,PHP开发工程师,94050,广州市新御运营管理有限公司,500-2000人,批发｜零售,不需要融资,开发|测试|运维类,后端开发,PHP,广州,天河区,10k-20k,不限,不限,"周末双休,工作氛围好"
79,9190871,高级php开发工程师,123688747,锦税（成都）信息科技有限公司,50-150人,"软件服务｜咨询,IT技术服务｜咨询,专业服务｜咨询",未融资,开发|测试|运维类,后端开发,PHP,成都,高新区,15k-30k,5-10年,大专,福利齐全 人性化管理
80,6793077,php开发工程师,112,广州爱拍网络科技有限公司,150-500人,"社交平台,音频｜视频媒体,MCN｜直播平台",D轮及以上,开发|测试|运维类,后端开发,PHP,广州,天河区,8k-13k,1-3年,本科,五险一金、晋升空间大
81,8294430,PHP开发工程师,3346,广州盛成妈妈网络科技股份有限公司,500-2000人,"电商平台,内容社区,内容资讯",B轮,开发|测试|运维类,后端开发,PHP,广州,天河区,10k-16k,1-3年,本科,百人技术团，五险一金，年底多薪，行业领军企业
82,8760529,高级php开发工程师,3346,广州盛成妈妈网络科技股份有限公司,500-2000人,"电商平台,内容社区,内容资讯",B轮,开发|测试|运维类,后端开发,PHP,广州,天河区,15k-20k,3-5年,本科,百人技术团，五险一金，年底多薪，行业领军企业
83,5752718,php开发工程师,457529,广州萌友网络科技有限公司,50-150人,游戏,未融资,开发|测试|运维类,后端开发,PHP,广州,天河区,10k-15k,1-3年,大专,发展好
84,1827296,PHP工程师,10613,九河信息技术（上海）有限公司,150-500人,电商平台,C轮,开发|测试|运维类,后端开发,PHP,上海,徐汇区,15k-20k,3-5年,本科,股权分红、五险一金
85,9596219,PHP开发工程师,366575,上海汇正财经顾问有限公司,500-2000人,"移动互联网,金融",未融资,开发|测试|运维类,后端开发,PHP,上海,普陀区,18k-22k,3-5年,本科,五险一金 绩效奖金 周末双休 氛围好
86,9139020,php工程师,304404,深圳趣运科技有限公司,50-150人,游戏,A轮,开发|测试|运维类,后端开发,PHP,深圳,宝安区,10k-18k,不限,本科,大牛带队，团队技术氛围浓厚，年终奖
87,7493359,高级php开发工程师,17275,数睿科技（深圳）有限公司,150-500人,生活服务,上市公司,开发|测试|运维类,后端开发,PHP,深圳,福田区,18k-25k,5-10年,本科,上市公司、高大上环境、高奖金、年轻化团队
88,8210582,php开发工程师,194169,博雅网络游戏开发（深圳）有限公司,150-500人,游戏,上市公司,开发|测试|运维类,后端开发,PHP,深圳,南山区,10k-20k,1-3年,本科,上市公司、发展空间
89,9296063,php开发工程师,122940819,北京紫牛云科技有限公司,150-500人,"软件服务｜咨询,人工智能服务",A轮,开发|测试|运维类,后端开发,PHP,北京,海淀区,10k-14k,3-5年,本科,五险一金，节日其他福利
90,9317855,PHP开发工程师,1952,北京悦活教育科技有限责任公司,50-150人,软件服务｜咨询,不需要融资,开发|测试|运维类,后端开发,PHP,北京,海淀区,20k-35k,3-5年,本科,薪酬合理 晋升明确 代码优雅 周末双休
91,9620761,php开发工程师,64275,上海盛也网络技术有限公司,50-150人,消费生活,未融资,开发|测试|运维类,后端开发,PHP,上海,闵行区,17k-25k,3-5年,本科,年终+补贴+免费晚餐
92,3204220,PHP开发工程师,100934,深圳市众云网有限公司,50-150人,信息安全,不需要融资,开发|测试|运维类,后端开发,PHP,深圳,南山区,10k-20k,3-5年,本科,"团队氛围好,五险一金,周末双休"
93,8377163,php开发工程师,132456,佛山顺德葡萄汽车租赁有限公司,50-150人,"企业服务,移动互联网",不需要融资,开发|测试|运维类,后端开发,PHP,佛山,顺德区,6k-8k,不限,本科,福利待遇好、发展前景大
94,8349083,php开发工程师,109987,广州三毛信息科技有限公司,15-50人,旅游｜出行,A轮,开发|测试|运维类,后端开发,PHP,广州,,10k-14k,3-5年,本科,五险 双休 不定时聚餐团建 生日会
95,8776683,php工程师,123308946,贵州一码教育科技有限公司,50-150人,"人工智能服务,教育｜培训,电商平台",未融资,开发|测试|运维类,后端开发,PHP,贵阳,观山湖区（金阳新区）,6k-10k,1-3年,本科,团队组建阶段 发展空间大
96,9573950,php开发工程师,113578,广东青藤教育科技有限公司,15-50人,"移动互联网,教育",不需要融资,开发|测试|运维类,后端开发,后端开发,广州,白云区,10k-16k,1-3年,本科,团队氛围，福利待遇
97,9110049,php开发工程师,463459,杭州云阶教育科技有限公司,15-50人,"移动互联网,企业服务",天使轮,开发|测试|运维类,后端开发,全栈,成都,金牛区,6k-10k,1-3年,本科,"免费健身房,开放办公,在线教育"
98,9439339,php开发工程师,149022,成都埃舍尔科技有限公司,50-150人,"移动互联网,文娱丨内容",A轮,开发|测试|运维类,后端开发,PHP,成都,高新区,8k-13k,3-5年,大专,技术大牛 五险一金 双休
99,9505684,智舱业务部_PHP高级研发工程师(小度助手),1575,百度在线网络技术（北京）有限公司,2000人以上,"人工智能服务,信息检索,科技金融",上市公司,开发|测试|运维类,后端开发,PHP,深圳,南山区,20k-40k,不限,本科,发展前景好
100,9321375,PHP开发工程师(J10052),117816773,北京微淼财商科技有限公司,2000人以上,教育、数据服务,未融资,开发|测试|运维类,后端开发,PHP,北京,海淀区,20k-40k,3-5年,本科,财商教育****
101,9340433,游戏研发部PHP/Go高级研发工程师,1575,百度在线网络技术（北京）有限公司,2000人以上,"人工智能服务,信息检索,科技金融",上市公司,开发|测试|运维类,后端开发,PHP,北京,海淀区,20k-40k,不限,本科,百度
102,9207840,PHP开发工程师(J10002),117816773,北京微淼财商科技有限公司,2000人以上,教育、数据服务,未融资,开发|测试|运维类,后端开发,PHP,北京,海淀区,20k-40k,3-5年,大专,财商教育头部，技术团队110+，技术氛围好
103,9139020,php工程师,304404,深圳趣运科技有限公司,50-150人,游戏,A轮,开发|测试|运维类,后端开发,PHP,深圳,宝安区,10k-18k,不限,本科,大牛带队，团队技术氛围浓厚，年终奖
104,1895791,高级PHP开发工程师,6040,北京奥鹏远程教育中心有限公司,50-150人,在线教育,不需要融资,开发|测试|运维类,后端开发,PHP,北京,海淀区,15k-30k,3-5年,大专,五险一金 补充医疗 节日福利 员工旅游
105,9321375,PHP开发工程师(J10052),117816773,北京微淼财商科技有限公司,2000人以上,教育、数据服务,未融资,开发|测试|运维类,后端开发,PHP,北京,海淀区,20k-40k,3-5年,本科,财商教育****
106,9340433,游戏研发部PHP/Go高级研发工程师,1575,百度在线网络技术（北京）有限公司,2000人以上,"人工智能服务,信息检索,科技金融",上市公司,开发|测试|运维类,后端开发,PHP,北京,海淀区,20k-40k,不限,本科,百度
107,9207840,PHP开发工程师(J10002),117816773,北京微淼财商科技有限公司,2000人以上,教育、数据服务,未融资,开发|测试|运维类,后端开发,PHP,北京,海淀区,20k-40k,3-5年,大专,财商教育头部，技术团队110+，技术氛围好
108,1827296,PHP工程师,10613,九河信息技术（上海）有限公司,150-500人,电商平台,C轮,开发|测试|运维类,后端开发,PHP,上海,徐汇区,15k-20k,3-5年,本科,股权分红、五险一金
109,1895791,高级PHP开发工程师,6040,北京奥鹏远程教育中心有限公司,50-150人,在线教育,不需要融资,开发|测试|运维类,后端开发,PHP,北京,海淀区,15k-30k,3-5年,大专,五险一金 补充医疗 节日福利 员工旅游
110,9487757,PHP开发工程师,637672,广州世安信息技术股份有限公司,500-2000人,企业服务,未融资,开发|测试|运维类,后端开发,PHP,广州,天河区,10k-13k,3-5年,本科,技术提升，行业前景，平台稳定，管理人性
111,6570120,PHP开发工程师,1686,北京奇艺世纪科技有限公司,2000人以上,音频｜视频媒体,上市公司,开发|测试|运维类,后端开发,PHP,成都,双流县,10k-16k,1-3年,不限,发展前景
112,8256707,php开发工程师,29950,深圳华秋电子有限公司,500-2000人,"电商平台,内容资讯",C轮,开发|测试|运维类,后端开发,PHP,深圳,福田区,15k-20k,3-5年,本科,超甲级写字楼，高新企业，晋升空间大
113,6812391,PHP开发工程师,7894,步康（上海）软件有限公司,50-150人,"移动互联网,电商",未融资,开发|测试|运维类,后端开发,PHP,上海,黄浦区,10k-20k,5-10年,大专,"知名项目,电子商务,多元化"
114,8628267,高级php开发工程师,86809,上海欢动科技有限公司,150-500人,游戏,不需要融资,开发|测试|运维类,后端开发,PHP,上海,浦东新区,14k-22k,3-5年,大专,带薪休假 项目分红 上班撸猫
115,9025543,PHP开发工程师,354251,上海裕慕网络科技有限公司,50-150人,社交平台,未融资,开发|测试|运维类,后端开发,PHP,上海,闵行区,12k-20k,1-3年,本科,薪资福利好 有上升空间 有完整技术团队
116,9383283,php开发工程师,82818943,广州猎游信息科技有限公司,150-500人,社交平台,A轮,开发|测试|运维类,后端开发,PHP,广州,天河区,8k-13k,1-3年,本科,团队气氛佳 发展前景好
117,8210582,php开发工程师,194169,博雅网络游戏开发（深圳）有限公司,150-500人,游戏,上市公司,开发|测试|运维类,后端开发,PHP,深圳,南山区,10k-20k,1-3年,本科,上市公司、发展空间
118,9043692,PHP开发工程师,84452977,成都开心音符科技有限公司,50-150人,"社交,软件开发",A轮,开发|测试|运维类,后端开发,PHP,北京,海淀区,15k-25k,5-10年,本科,上班时间弹性1小时
119,9496329,php开发工程师,122574674,深圳市盈河世纪科技有限公司,150-500人,"IT技术服务｜咨询,在线教育,专业服务｜咨询",B轮,开发|测试|运维类,后端开发,PHP,深圳,福田区,15k-20k,3-5年,本科,好的发展前景，优秀的团队
120,9496329,php开发工程师,122574674,深圳市盈河世纪科技有限公司,150-500人,"IT技术服务｜咨询,在线教育,专业服务｜咨询",B轮,开发|测试|运维类,后端开发,PHP,深圳,福田区,15k-20k,3-5年,本科,好的发展前景，优秀的团队
121,7697625,php开发工程师,100934,深圳市众云网有限公司,50-150人,信息安全,不需要融资,开发|测试|运维类,后端开发,PHP,深圳,南山区,10k-15k,1-3年,本科,双休 国内外旅游
122,9534096,php开发工程师,122574674,深圳市盈河世纪科技有限公司,150-500人,"IT技术服务｜咨询,在线教育,专业服务｜咨询",B轮,开发|测试|运维类,后端开发,PHP,深圳,福田区,6k-10k,不限,本科,好的发展前景，优秀团队，专业的培训机制
123,9179464,php开发工程师,302038,成都环宇知了科技有限公司,500-2000人,"在线教育,内容资讯",不需要融资,开发|测试|运维类,后端开发,PHP,成都,郫县,12k-18k,3-5年,大专,定期体检、年终奖、生日/节日福利、五险一金
124,9349102,php开发工程师,13301,上海久彰电子商务有限公司,2000人以上,"金融,电商",不需要融资,开发|测试|运维类,后端开发,PHP,上海,徐汇区,14k-20k,3-5年,本科,团队氛围轻松 发展空间大 平台稳定
125,6074189,php开发工程师,267847,深圳市既明科技有限公司,15-50人,"软件服务｜咨询,营销服务｜咨询",不需要融资,开发|测试|运维类,后端开发,PHP,深圳,南山区,8k-16k,1-3年,大专,"快速成长,大品牌项目,领导优秀"
126,9195032,php开发工程师,302038,成都环宇知了科技有限公司,500-2000人,"在线教育,内容资讯",不需要融资,开发|测试|运维类,后端开发,PHP,成都,郫县,7k-12k,1-3年,本科,五险一金，年终奖，下午茶，免费体检
127,7263071,php开发工程师,385985,广州哇嘎文化传媒有限公司,50-150人,新媒体,不需要融资,开发|测试|运维类,后端开发,PHP,广州,天河区,15k-18k,3-5年,大专,五险一金 扁平化团队 下午茶 生日福利
128,9498393,php开发工程师,78697,上海卓盟信息科技有限公司,50-150人,IT技术服务｜咨询,B轮,开发|测试|运维类,后端开发,后端开发,上海,徐汇区,15k-30k,不限,本科,扁平化管理 晋升
129,9050556,php开发工程师,253871,大连天神娱乐股份有限公司北京分公司,500-2000人,游戏,上市公司,开发|测试|运维类,后端开发,PHP,北京,朝阳区,15k-20k,3-5年,大专,发展空间大、扁平化管理
130,8106257,PHP开发工程师,18165,北京点石经纬科技有限公司,500-2000人,"工具类产品,人工智能服务",B轮,开发|测试|运维类,后端开发,PHP,北京,海淀区,20k-35k,3-5年,本科,K12教育 硬软件结合 AI智慧教育
131,9526350,php开发工程师,19247,深圳减字科技有限公司,500-2000人,智能硬件,B轮,开发|测试|运维类,后端开发,PHP,深圳,南山区,20k-30k,3-5年,本科,快速发展
132,9487774,php开发工程师,193353,杭州玩心不止网络科技有限公司,150-500人,游戏,不需要融资,开发|测试|运维类,后端开发,PHP,杭州,余杭区,18k-25k,3-5年,大专,福利待遇好~
133,9311033,php开发工程师,69432,深圳数马电子技术有限公司,150-500人,"数据服务,硬件",未融资,开发|测试|运维类,后端开发,PHP,深圳,南山区,13k-25k,1-3年,本科,扁平化管理
134,8118825,php开发工程师,338154,北京小懂科技有限公司,50-150人,"移动互联网,医疗丨健康",天使轮,开发|测试|运维类,后端开发,PHP,北京,通州区,10k-20k,3-5年,大专,团队氛围好 发展空间大
135,7949064,IDG测试部_PHP研发工程师,1575,百度在线网络技术（北京）有限公司,2000人以上,"人工智能服务,信息检索,科技金融",上市公司,开发|测试|运维类,后端开发,PHP,北京,海淀区,20k-40k,1-3年,本科,发展前景、团队实力
136,9195840,php开发工程师,404671,深圳寻找母星网络科技有限公司,50-150人,生活服务,A轮,开发|测试|运维类,后端开发,PHP,深圳,南山区,20k-40k,1-3年,本科,大牛带队 风口行业 晋升空间大
137,8963742,php开发工程师,49822,北京讯鸟软件有限公司,150-500人,"软件服务｜咨询,数据服务｜咨询,人工智能服务",上市公司,开发|测试|运维类,前端开发,其他前端开发,北京,朝阳区,15k-30k,1-3年,本科,朝九晚六双休法定节假日福利
138,2062176,PHP开发工程师,137388,浙江顺联网络科技有限公司,150-500人,新零售,不需要融资,开发|测试|运维类,后端开发,PHP,杭州,滨江区,11k-15k,3-5年,大专,发展空间大 团队氛围好
139,9222611,php开发工程师,62538,北京掌上先机网络科技有限公司,2000人以上,营销服务｜咨询,C轮,开发|测试|运维类,后端开发,PHP,北京,海淀区,20k-40k,不限,本科,朝阳行业 前景好
140,8964233,php开发工程师,292612,上海回声网络科技有限公司,50-150人,"移动互联网,企业服务",不需要融资,开发|测试|运维类,后端开发,PHP,上海,普陀区,10k-15k,3-5年,本科,企业微信 腾旭服务商 开发集成
141,9513280,高级php开发工程师,479297,广州友迅网络科技有限公司,50-150人,"社交平台,IT技术服务｜咨询",不需要融资,开发|测试|运维类,后端开发,PHP,广州,白云区,12k-15k,5-10年,不限,项目奖金 车补房补 13薪 全勤奖 下午茶
142,9616242,php开发工程师,198628,都学网络科技（北京）有限公司,150-500人,"教育,移动互联网",未融资,开发|测试|运维类,后端开发,PHP,北京,西城区,10k-15k,1-3年,本科,扁平化管理，每年2次晋升涨薪
143,9418425,php开发工程师,120658412,深圳市领星网络科技有限公司,500-2000人,"软件服务｜咨询,数据服务｜咨询",B轮,开发|测试|运维类,后端开发,PHP,深圳,南山区,14k-25k,3-5年,本科,高速发展、风口赛道、福利丰厚、扁平管理
144,8538550,php开发工程师,20093,上海胜游网络科技有限公司,50-150人,游戏,不需要融资,开发|测试|运维类,后端开发,PHP,上海,杨浦区,15k-21k,1-3年,大专,补贴项目奖金 六险一金弹性工作加班零食
145,7664437,php开发工程师,82797803,成都伊布鲁克科技有限责任公司,15-50人,软件服务｜咨询,未融资,开发|测试|运维类,后端开发,PHP,成都,高新区,8k-12k,1-3年,大专,五险一金，带薪休假，双休
146,3860359,PHP工程师,34354,深圳市三体科技有限公司,50-150人,移动互联网,B轮,开发|测试|运维类,后端开发,PHP,深圳,福田区,10k-12k,3-5年,本科,PHP
147,9631101,高级php开发工程师-安居客,123548353,武汉新仕佳人力资源有限公司,50-150人,"工具类产品,专业服务｜咨询",不需要融资,开发|测试|运维类,后端开发,PHP,北京,,40k-80k,3-5年,本科,11
148,8202370,PHP/GO架构师,1575,百度在线网络技术（北京）有限公司,2000人以上,"人工智能服务,信息检索,科技金融",上市公司,开发|测试|运维类,后端开发,PHP,北京,海淀区,35k-60k,5-10年,本科,六险一金
149,7988228,php高级研发工程师,1575,百度在线网络技术（北京）有限公司,2000人以上,"人工智能服务,信息检索,科技金融",上市公司,开发|测试|运维类,后端开发,PHP,北京,海淀区,20k-35k,5-10年,本科,核心团队
150,7905535,高级PHP/GO研发工程师,62,北京字节跳动网络技术有限公司,2000人以上,"内容资讯,短视频",D轮及以上,开发|测试|运维类,后端开发,其他后端开发,北京,海淀区,20k-40k,不限,本科,"五险一金,团队氛围好,免费三餐"
151,9631101,高级php开发工程师-安居客,123548353,武汉新仕佳人力资源有限公司,50-150人,"工具类产品,专业服务｜咨询",不需要融资,开发|测试|运维类,后端开发,PHP,北京,,40k-80k,3-5年,本科,11
152,9618399,PHP程序开发员（电商系统）,375175,上海复漫网络科技有限公司,150-500人,电商,未融资,开发|测试|运维类,后端开发,PHP,上海,嘉定区,13k-18k,1-3年,不限,五险一金节日福利绩效奖金员工旅游
153,1727749,PHP,115613,广州云翊信息科技有限公司,15-50人,"移动互联网,消费生活",不需要融资,开发|测试|运维类,后端开发,PHP,广州,天河区,8k-10k,不限,本科,周末双休、五险一金、发展空间的
154,9111071,php开发工程师,17641,杭州快定网络股份有限公司,50-150人,移动互联网,上市公司,开发|测试|运维类,后端开发,PHP,杭州,余杭区,4k-8k,在校/应届,本科,公司位于地铁口，双休，各种节假日福利！
155,9533255,php开发工程师,193353,杭州玩心不止网络科技有限公司,150-500人,游戏,不需要融资,开发|测试|运维类,后端开发,PHP,杭州,余杭区,10k-12k,在校/应届,本科,全年14薪、包三餐、六险一金，住房补贴
156,9407243,php开发工程师,293445,厦门造百克自行车有限公司,15-50人,电商,不需要融资,开发|测试|运维类,后端开发,PHP,厦门,海沧区,9k-10k,3-5年,大专,年轻团队，有发展前景
157,9630434,【急！】PHP高级工程师,123001024,北京亿聘世纪管理咨询有限公司,150-500人,"工具类产品,数据服务｜咨询,专业服务｜咨询",未融资,开发|测试|运维类,后端开发,PHP,北京,,30k-50k,5-10年,本科,与（车主邦）联合招聘
158,8907468,PHP开发工程师,618390,杭州中格富集团有限公司,150-500人,金融,未融资,开发|测试|运维类,后端开发,PHP,杭州,萧山区,4k-7k,在校/应届,本科,社保五险、节假日福利、高温补贴、绩效奖金
159,8007216,php开发工程师,31304,深圳尚米网络技术有限公司,150-500人,"游戏,电商平台",不需要融资,开发|测试|运维类,后端开发,PHP,深圳,宝安区,6k-12k,在校/应届,本科,"大佬带队,五险一金,发展空间大"
160,8441670,php工程师,178147,千瓦科技（上海）有限公司,少于15人,"企业服务,其他",天使轮,开发|测试|运维类,后端开发,PHP,上海,浦东新区,7k-14k,在校/应届,本科,"宿舍食堂,传统行业,互联网化,期权激励"
161,9587390,php开发工程师,123495954,哈森商贸（中国）股份有限公司上海分公司,2000人以上,"新零售,电商平台",上市公司,开发|测试|运维类,后端开发,PHP,上海,长宁区,10k-15k,1-3年,本科,餐补、生日福利、节日福利
162,9176447,php开发工程师,123716028,山东自由网络科技有限公司,50-150人,软件服务｜咨询,不需要融资,开发|测试|运维类,后端开发,PHP,滨州,滨城区,6k-12k,1-3年,大专,不加班
163,7988295,PHP/GO研发工程师,1575,百度在线网络技术（北京）有限公司,2000人以上,"人工智能服务,信息检索,科技金融",上市公司,开发|测试|运维类,后端开发,PHP,北京,海淀区,20k-35k,5-10年,本科,核心团队
164,9528206,小度云平台部_C++/Go/PHP高级开发工程师,1575,百度在线网络技术（北京）有限公司,2000人以上,"人工智能服务,信息检索,科技金融",上市公司,开发|测试|运维类,后端开发,PHP,北京,海淀区,20k-40k,3-5年,本科,团队实力、发展前景
165,9528206,小度云平台部_C++/Go/PHP高级开发工程师,1575,百度在线网络技术（北京）有限公司,2000人以上,"人工智能服务,信息检索,科技金融",上市公司,开发|测试|运维类,后端开发,PHP,北京,海淀区,20k-40k,3-5年,本科,团队实力、发展前景
166,9607498,php高级开发工程师,124367584,佛山市顺德区汇龙仓储服务有限公司,15-50人,服务业,未融资,开发|测试|运维类,后端开发,PHP,佛山,顺德区,15k-20k,1-3年,大专,社保，高薪
167,9128383,PHP开发工程师 (MJ000876),71182,深圳盈富斯科技有限公司,500-2000人,电商平台,D轮及以上,开发|测试|运维类,后端开发,PHP,深圳,南山区,15k-25k,1-3年,本科,大神领队 资金雄厚 行业领先 团队给力
168,8326394,go开发（java/PHP转go）,361944,广州宇创天成科技有限公司,50-150人,"移动互联网,游戏",不需要融资,开发|测试|运维类,后端开发,后端开发,广州,天河区,12k-18k,1-3年,本科,接受java/PHP均可转GO
169,9410557,php高级开发工程师,201059,成都致学教育科技有限公司,50-150人,教育,A轮,开发|测试|运维类,后端开发,PHP,成都,高新区,15k-20k,3-5年,本科,创业型公司 上升空间大
170,9629692,php后端开发工程师,741319,成都新舟企业管理有限公司,50-150人,企业服务,不需要融资,开发|测试|运维类,后端开发,PHP,广州,海珠区,14k-20k,3-5年,大专,五险一金 周末双休 朝九晚六
171,8722246,中高级PHP开发工程师 (MJ000315),5580,深圳市明源云科技有限公司,2000人以上,人工智能服务,上市公司,开发|测试|运维类,后端开发,PHP,深圳,南山区,16k-28k,3-5年,本科,上市公司、千亿市值、扁平管理、团队融洽
172,6096948,PHP高级工程师,522924,四川伊澳农业科技有限公司,2000人以上,批发｜零售,上市公司,开发|测试|运维类,后端开发,PHP,北京,朝阳区,30k-50k,5-10年,本科,技术氛围好，上市准备期，可谈期权，待遇从优
173,9158790,高级PHP开发工程师 (MJ000884),71182,深圳盈富斯科技有限公司,500-2000人,电商平台,D轮及以上,开发|测试|运维类,后端开发,PHP,深圳,南山区,20k-30k,5-10年,本科,大神领队 资金雄厚 行业领先 团队给力
174,8636342,PHP 开发主管,525743,建顺信息科技（广州）有限公司,50-150人,"软件服务｜咨询,物流平台",B轮,开发|测试|运维类,后端开发,PHP,广州,天河区,20k-30k,5-10年,本科,香港及新加坡、马来西亚、泰国均设有分公司
175,9472878,Shopify APP store 对接工程师 PHP Java,117579618,深圳千予科技有限公司,15-50人,电商平台,天使轮,开发|测试|运维类,后端开发,PHP,深圳,南山区,15k-30k,5-10年,本科,双休 14薪 天使轮
176,9008534,php后端开发工程师,315995,广东爱用科技有限公司,15-50人,"移动互联网,企业服务",A轮,开发|测试|运维类,后端开发,PHP,深圳,南山区,8k-13k,1-3年,本科,自研产品 团队氛围好 弹性办公
177,5683113,PHP高级开发工程师,525743,建顺信息科技（广州）有限公司,50-150人,"软件服务｜咨询,物流平台",B轮,开发|测试|运维类,后端开发,PHP,广州,天河区,15k-20k,3-5年,本科,弹性工作 五险一金 年终奖金
178,9593455,PHP架构师(UFK2),120915676,成都那与科技有限公司,150-500人,"信息安全,软件开发",不需要融资,开发|测试|运维类,高端技术职位,架构师,成都,高新区,18k-35k,3-5年,大专,13薪，下午茶
179,9472971,web后端 (php),310815,广州经传多赢投资咨询有限公司,2000人以上,科技金融,不需要融资,开发|测试|运维类,后端开发,PHP,广州,番禺区,10k-20k,1-3年,本科,带薪年假、六险一金、下午茶篮球赛、晋升透明
180,9410557,php高级开发工程师,201059,成都致学教育科技有限公司,50-150人,教育,A轮,开发|测试|运维类,后端开发,PHP,成都,高新区,15k-20k,3-5年,本科,创业型公司 上升空间大
181,9538747,初级php开发工程师,29526,北京花房科技有限公司,500-2000人,"移动互联网,社交",D轮及以上,开发|测试|运维类,后端开发,PHP,北京,海淀区,15k-25k,1-3年,本科,发展前景好，稳定性高，团队较大
182,5204032,PHP后端开发,335083,深圳市卓趣互娱科技有限公司,50-150人,游戏,A轮,开发|测试|运维类,后端开发,PHP,深圳,南山区,10k-18k,3-5年,本科,"团队氛围好,五险一金,管理扁平化,大牛共事"
183,9340925,PHP开发工程师(FFD1),173216,广州大蓝网络科技有限公司,150-500人,游戏,不需要融资,开发|测试|运维类,后端开发,PHP,广州,海珠区,11k-20k,1-3年,大专,双休包餐、 六险一金、 团队氛围好、大牛多
184,9465318,cto/技术总监/PHP ERP产品总监 架构师,117579618,深圳千予科技有限公司,15-50人,电商平台,天使轮,开发|测试|运维类,高端技术职位,架构师,深圳,南山区,30k-50k,5-10年,本科,14薪 供应链领域的未来独角兽
185,7842405,php开发工程师,45896,上海传琦实业有限公司,150-500人,新零售,未融资,开发|测试|运维类,后端开发,PHP,上海,闵行区,15k-25k,3-5年,本科,电商项目 全模板发展 双休
186,9321275,php高级开发工程师,122223557,火眼云（北京）科技有限公司,50-150人,营销服务｜咨询,A轮,开发|测试|运维类,后端开发,PHP,北京,朝阳区,25k-35k,3-5年,本科,六险一金 有活力有温度的团队
187,8630367,PHP后端开发工程师,235298,成都领沃网络技术有限公司,50-150人,人工智能服务,不需要融资,开发|测试|运维类,后端开发,PHP,成都,高新区,15k-20k,5-10年,大专,5A写字楼环境，入职六险一金、双休、餐补、年终
188,9375162,仓石基金高级PHP开发工程师G06251,25592,新浪网技术（中国）有限公司,2000人以上,"内容资讯,社交媒体",不需要融资,开发|测试|运维类,后端开发,PHP,北京,海淀区,20k-40k,1-3年,本科,专业团队，发展空间大。
189,6451070,php全栈,579328,广州市赛立得科技有限公司,50-150人,"IT技术服务｜咨询,制造业",未融资,开发|测试|运维类,后端开发,PHP,广州,荔湾区,9k-12k,3-5年,不限,非外包，自主开发，双休，五险，全勤奖
190,9012057,PHP高级软件工程师,78861,上海派申网络技术有限公司,50-150人,"移动互联网,金融",A轮,开发|测试|运维类,后端开发,PHP,上海,黄浦区,13k-25k,3-5年,本科,互联网支付 晋升机会大 发展前景好
191,9442185,PHP高级工程师,420654,上海觅知网络科技有限公司,50-150人,"内容资讯,内容社区",不需要融资,开发|测试|运维类,后端开发,后端开发,上海,浦东新区,20k-30k,3-5年,大专,双休 五险一金 带薪年假 扁平化
192,8189011,php研发工程师（自研）,117872880,深圳市手指游科技有限公司,15-50人,"工具,软件开发",不需要融资,开发|测试|运维类,后端开发,PHP,深圳,南山区,10k-20k,3-5年,本科,五险一金 下午茶 出国团建 奖金
193,9467311,php高级开发工程师,123904941,上海皿鎏数字科技有限公司,150-500人,"游戏,工具类产品,IT技术服务｜咨询",未融资,开发|测试|运维类,后端开发,PHP,上海,杨浦区,25k-28k,3-5年,本科,PHP开发
194,9622275,后端（php）开发工程师（2022届）,108621,深圳爱玩网络科技股份有限公司,150-500人,游戏,上市公司,开发|测试|运维类,后端开发,C#|.NET,深圳,南山区,6k-8k,在校/应届,本科,平台发展好 福利待遇佳 导师一对一
195,9144041,PHP架构工程师,120915676,成都那与科技有限公司,150-500人,"信息安全,软件开发",不需要融资,开发|测试|运维类,高端技术职位,架构师,成都,高新区,25k-40k,10年以上,大专,13薪
196,9340925,PHP开发工程师(FFD1),173216,广州大蓝网络科技有限公司,150-500人,游戏,不需要融资,开发|测试|运维类,后端开发,PHP,广州,海珠区,11k-20k,1-3年,大专,双休包餐、 六险一金、 团队氛围好、大牛多
197,9538747,初级php开发工程师,29526,北京花房科技有限公司,500-2000人,"移动互联网,社交",D轮及以上,开发|测试|运维类,后端开发,PHP,北京,海淀区,15k-25k,1-3年,本科,发展前景好，稳定性高，团队较大
198,8174181,php高级开发工程师,131264,上海米居网络科技有限公司,2000人以上,电商平台,C轮,开发|测试|运维类,后端开发,PHP,上海,静安区,15k-30k,3-5年,本科,超长年假、公司发展前景大、公司氛围好
199,8630367,PHP后端开发工程师,235298,成都领沃网络技术有限公司,50-150人,人工智能服务,不需要融资,开发|测试|运维类,后端开发,PHP,成都,高新区,15k-20k,5-10年,大专,5A写字楼环境，入职六险一金、双休、餐补、年终
200,5454746,后端开发工程师（PHP/Golang）,62,北京字节跳动网络技术有限公司,2000人以上,"内容资讯,短视频",D轮及以上,开发|测试|运维类,后端开发,其他后端开发,北京,海淀区,25k-40k,1-3年,本科,六险一金，弹性工作，免费三餐，租房补贴
201,9442185,PHP高级工程师,420654,上海觅知网络科技有限公司,50-150人,"内容资讯,内容社区",不需要融资,开发|测试|运维类,后端开发,后端开发,上海,浦东新区,20k-30k,3-5年,大专,双休 五险一金 带薪年假 扁平化
202,9352501,PHP开发工程师,123760555,骑驴科技（广州）有限公司,15-50人,"短视频,消费生活,人工智能服务",未融资,开发|测试|运维类,后端开发,PHP,广州,海珠区,11k-15k,3-5年,本科,发展前景好，成长快，双休
203,8996647,后端开发工程师（go/php）G06027,5832,微梦创科网络科技（中国）有限公司,2000人以上,社交媒体,上市公司,开发|测试|运维类,后端开发,GO|Golang,北京,海淀区,25k-40k,3-5年,本科,核心团队
204,6802340,服务端开发工程师-php方向,37434,深圳天媒时代文化传播有限公司,50-150人,区块链,未融资,开发|测试|运维类,后端开发,PHP,深圳,南山区,10k-20k,3-5年,本科,周末双休、团建旅游、定期调薪、职级分红等
205,9531375,php高级开发工程师,22666,北京云动数字媒体技术有限公司,150-500人,专业服务｜咨询,B轮,开发|测试|运维类,后端开发,PHP,北京,朝阳区,20k-30k,5-10年,本科,发展前景 团队氛围 薪资福利
206,9321275,php高级开发工程师,122223557,火眼云（北京）科技有限公司,50-150人,营销服务｜咨询,A轮,开发|测试|运维类,后端开发,PHP,北京,朝阳区,25k-35k,3-5年,本科,六险一金 有活力有温度的团队
207,9375162,仓石基金高级PHP开发工程师G06251,25592,新浪网技术（中国）有限公司,2000人以上,"内容资讯,社交媒体",不需要融资,开发|测试|运维类,后端开发,PHP,北京,海淀区,20k-40k,1-3年,本科,专业团队，发展空间大。
208,9464120,技术经理（偏PHP）,123229542,重庆赫本枫科技有限公司,150-500人,"IT技术服务｜咨询,软件服务｜咨询,物联网",未融资,开发|测试|运维类,高端技术职位,技术经理,成都,武侯区,25k-50k,5-10年,大专,周末双休，下午茶，发展空间大
209,4185093,PHP-Web应用开发,291565,北京洲济通网络科技发展有限公司深圳分公司,15-50人,"IT技术服务｜咨询,营销服务｜咨询",天使轮,开发|测试|运维类,后端开发,Java,深圳,南山区,10k-15k,1-3年,大专,"福利多,前景好,氛围棒"
210,8918664,【新浪微博广告研发中心】php开发工程师,5832,微梦创科网络科技（中国）有限公司,2000人以上,社交媒体,上市公司,开发|测试|运维类,后端开发,PHP,北京,海淀区,30k-50k,3-5年,本科,"发展空间大,知名平台,弹性工作"
211,7970465,PHP高级开发工程师,85518,深圳市果酱时代科技有限公司,50-150人,MCN｜直播平台,B轮,开发|测试|运维类,后端开发,PHP,深圳,南山区,25k-30k,3-5年,本科,季度奖金 年终奖 下午茶 氛围好
212,7364205,PHP中高级工程师,177223,深圳市享笑网科技有限公司,15-50人,"移动互联网,游戏",不需要融资,开发|测试|运维类,后端开发,PHP,深圳,南山区,15k-25k,3-5年,本科,有挑战，公司发展快，年终奖、项目奖
213,9533783,后端开发（Golang/PHP）,118670,杭州星犀科技有限公司,150-500人,营销服务｜咨询,A轮,开发|测试|运维类,后端开发,PHP,杭州,余杭区,15k-23k,不限,本科,双休 五险一金 氛围好
214,8320812,PHP高级工程师,173665,深圳赛中互娱信息技术有限公司,50-150人,"移动互联网,游戏",A轮,开发|测试|运维类,后端开发,PHP,深圳,南山区,20k-35k,3-5年,本科,五险一金，带薪年假，周末双休，节日礼物
215,5788303,高级PHP工程师 (MJ000830),492335,广州希音供应链管理有限公司,2000人以上,电商平台,C轮,开发|测试|运维类,后端开发,PHP,广州,番禺区,22k-28k,5-10年,本科,技术大咖 扁平管理 氛围年轻 弹性上班
216,8174181,php高级开发工程师,131264,上海米居网络科技有限公司,2000人以上,电商平台,C轮,开发|测试|运维类,后端开发,PHP,上海,静安区,15k-30k,3-5年,本科,超长年假、公司发展前景大、公司氛围好
217,9464120,技术经理（偏PHP）,123229542,重庆赫本枫科技有限公司,150-500人,"IT技术服务｜咨询,软件服务｜咨询,物联网",未融资,开发|测试|运维类,高端技术职位,技术经理,成都,武侯区,25k-50k,5-10年,大专,周末双休，下午茶，发展空间大
218,8875648,PHP开发工程师 (MJ000010),27749,北京蓝城兄弟信息技术有限公司,500-2000人,社交平台,上市公司,开发|测试|运维类,后端开发,PHP,北京,朝阳区,20k-40k,3-5年,本科,上市公司
219,6853722,游戏服务器研发工程师（PHP）,292619,上海骏众网络科技有限公司,2000人以上,游戏,上市公司,开发|测试|运维类,后端开发,PHP,上海,黄浦区,12k-16k,1-3年,本科,大IP，前景好，公司氛围好
220,9531375,php高级开发工程师,22666,北京云动数字媒体技术有限公司,150-500人,专业服务｜咨询,B轮,开发|测试|运维类,后端开发,PHP,北京,朝阳区,20k-30k,5-10年,本科,发展前景 团队氛围 薪资福利
221,8901099,中级PHP开发工程师,101915,深圳麦风科技有限公司,150-500人,软件服务｜咨询,不需要融资,开发|测试|运维类,后端开发,PHP,深圳,南山区,12k-18k,3-5年,本科,双休 晋升空间大 领带nice 互联网科技
222,9613138,PHP开发工程师（随时随地自由工作）,367585,北京微普云创科技有限公司,少于15人,"移动互联网,企业服务",未融资,开发|测试|运维类,后端开发,PHP,北京,海淀区,15k-30k,不限,不限,无论年龄性别一视同仁；省心、自主、自由
223,9536741,PHP中高级开发工程师,492660,上海若古信息科技有限公司,150-500人,影视｜动漫,B轮,开发|测试|运维类,后端开发,PHP,上海,长宁区,20k-40k,3-5年,本科,发展空间大 高薪福利
224,5023033,PHP高级开发工程师,407876,马来西亚东南亚玩家商城股份有限公司成都代表处,50-150人,电商平台,未融资,开发|测试|运维类,后端开发,PHP,成都,成华区,10k-16k,3-5年,本科,"六险一金,带薪年假,周末双休,节日福利"
225,9554736,PHP研发工程师(2022届校招) (MJ000324),21643,北京融七牛信息技术有限公司,500-2000人,科技金融,上市公司,开发|测试|运维类,后端开发,PHP,北京,海淀区,17k-19k,1年以下,本科,导师辅导 七险一金 带薪假期
226,8648837,高级后端开发工程师（PHP/Golang）,1720,万兴科技集团股份有限公司,500-2000人,"工具类产品,软件服务｜咨询",上市公司,开发|测试|运维类,后端开发,PHP,长沙,岳麓区,35k-40k,5-10年,本科,上市公司 高成长性 发展空间大
227,9492674,php程序员,123918875,深圳禾森洋科技有限公司,少于15人,"工具类产品,软件服务｜咨询,IT技术服务｜咨询",未融资,开发|测试|运维类,后端开发,PHP,深圳,龙岗区,8k-12k,1-3年,本科,十几年工作经验的大佬为你领路，希望互相成就
228,9536741,PHP中高级开发工程师,492660,上海若古信息科技有限公司,150-500人,影视｜动漫,B轮,开发|测试|运维类,后端开发,PHP,上海,长宁区,20k-40k,3-5年,本科,发展空间大 高薪福利
229,9608968,php开发,123918875,深圳禾森洋科技有限公司,少于15人,"工具类产品,软件服务｜咨询,IT技术服务｜咨询",未融资,开发|测试|运维类,后端开发,PHP,深圳,龙岗区,8k-15k,不限,大专,年轻化公司，拒绝拘泥小节，老板人很nice
230,9562044,高级PHP开发工程师(J22370),5858,瑞庭网络技术（上海）有限公司,500-2000人,居住服务,上市公司,开发|测试|运维类,后端开发,PHP,北京,朝阳区,35k-50k,不限,不限,平台稳定+成长晋升+技术驱动+股票激励
231,9492771,php高级开发工程师,22666,北京云动数字媒体技术有限公司,150-500人,专业服务｜咨询,B轮,开发|测试|运维类,后端开发,PHP,北京,朝阳区,20k-30k,5-10年,本科,发展前景、团队氛围、职位晋升
232,9613138,PHP开发工程师（随时随地自由工作）,367585,北京微普云创科技有限公司,少于15人,"移动互联网,企业服务",未融资,开发|测试|运维类,后端开发,PHP,北京,海淀区,15k-30k,不限,不限,无论年龄性别一视同仁；省心、自主、自由
233,5023033,PHP高级开发工程师,407876,马来西亚东南亚玩家商城股份有限公司成都代表处,50-150人,电商平台,未融资,开发|测试|运维类,后端开发,PHP,成都,成华区,10k-16k,3-5年,本科,"六险一金,带薪年假,周末双休,节日福利"
234,8015406,PHP工程师(J10660),41660,上海聚胜万合广告有限公司,500-2000人,营销服务｜咨询,上市公司,开发|测试|运维类,后端开发,PHP,上海,普陀区,10k-15k,1-3年,本科,发展平台好、氛围好、绩效奖金
235,6853722,游戏服务器研发工程师（PHP）,292619,上海骏众网络科技有限公司,2000人以上,游戏,上市公司,开发|测试|运维类,后端开发,PHP,上海,黄浦区,12k-16k,1-3年,本科,大IP，前景好，公司氛围好
236,9417440,PHP 后端工程师,1952,北京悦活教育科技有限责任公司,50-150人,软件服务｜咨询,不需要融资,开发|测试|运维类,后端开发,PHP,北京,海淀区,20k-40k,3-5年,本科,周末双休 代码优雅 薪酬合理 晋升明确
237,9494789,初级php开发工程师,22490,北京华图宏阳网络科技有限公司,150-500人,在线教育,D轮及以上,开发|测试|运维类,后端开发,PHP,北京,海淀区,12k-18k,不限,本科,领导nice，团队氛围好，加班可调休
238,9524324,中级php开发工程师,22490,北京华图宏阳网络科技有限公司,150-500人,在线教育,D轮及以上,开发|测试|运维类,后端开发,PHP,北京,海淀区,15k-20k,1-3年,大专,领导nice，团队氛围好，加班可调休
239,8863330,PHP/Golang研发工程师,18855,深圳市大成天下信息技术有限公司,15-50人,内容社区,B轮,开发|测试|运维类,后端开发,PHP,深圳,南山区,18k-35k,3-5年,大专,8:00-10:00上班、早来早走晚来晚走，加班少
240,7996542,php高级工程师,344288,杭州智团信息技术有限公司,50-150人,在线医疗,不需要融资,开发|测试|运维类,后端开发,PHP,杭州,滨江区,9k-18k,3-5年,本科,五险一金；年终奖；交通补贴；餐补
241,8661996,php后端开发工程师,589,广州多益网络股份有限公司,2000人以上,游戏,不需要融资,开发|测试|运维类,后端开发,PHP,广州,黄埔区,9k-18k,不限,不限,互联网百强
242,3315260,PHP开发工程师（全栈）,213388,上海佑久健康科技有限公司,15-50人,"移动互联网,医疗丨健康",不需要融资,开发|测试|运维类,后端开发,其他后端开发,上海,普陀区,7k-14k,在校/应届,硕士,"快速成长,开放公正,前沿科技,绩效薪酬"
243,9273386,PHP开发工程师（自由工作）,367585,北京微普云创科技有限公司,少于15人,"移动互联网,企业服务",未融资,开发|测试|运维类,后端开发,PHP,北京,海淀区,15k-30k,1-3年,不限,自由工作
244,9375429,php开发工程师,1575,百度在线网络技术（北京）有限公司,2000人以上,"人工智能服务,信息检索,科技金融",上市公司,开发|测试|运维类,后端开发,PHP,北京,海淀区,20k-40k,3-5年,本科,五险一金 周末双休
245,9629689,php高级开发工程师,123548353,武汉新仕佳人力资源有限公司,50-150人,"工具类产品,专业服务｜咨询",不需要融资,开发|测试|运维类,后端开发,PHP,深圳,福田区,17k-23k,5-10年,本科,大集团，福利好，项目稳定
246,9629659,php高级工程师,123548353,武汉新仕佳人力资源有限公司,50-150人,"工具类产品,专业服务｜咨询",不需要融资,开发|测试|运维类,后端开发,PHP,北京,朝阳区,30k-50k,5-10年,本科,能链产品，季度奖金，午晚餐免费
247,9553411,PHP后台开发工程师,416106,上海游雁网络科技有限公司广州分公司,500-2000人,游戏,不需要融资,开发|测试|运维类,后端开发,后端开发,广州,天河区,4k-8k,在校/应届,本科,团队氛围轻松 福利待遇好 发展空间大
248,9517098,PHP后端工程师,1373,上海喜马拉雅科技有限公司,2000人以上,音频｜视频媒体,D轮及以上,开发|测试|运维类,后端开发,PHP,北京,朝阳区,14k-20k,在校/应届,硕士,领导好 团队好 有前景
249,9458780,PHP开发工程师（2022届）,55605,广州小丑鱼信息科技有限公司,50-150人,游戏,不需要融资,开发|测试|运维类,后端开发,其他后端开发,广州,天河区,7k-13k,在校/应届,本科,发展前景好，团队氛围nice
250,9086087,php开发工程师（游戏方向）,136022,广东欧一控股有限公司,150-500人,IT技术服务｜咨询,不需要融资,开发|测试|运维类,后端开发,Python,广州,,12k-20k,1-3年,大专,年轻化团队 工作氛围轻松
251,9621852,php后端开发工程师,134645,中国—东盟信息港股份有限公司,500-2000人,金融,不需要融资,开发|测试|运维类,后端开发,PHP,深圳,南山区,15k-25k,3-5年,本科,偏平管理，上升空间好，福利齐全
252,9512267,php研发工程师,22265,成都创世云图科技有限公司,15-50人,"移动互联网,广告营销",天使轮,开发|测试|运维类,后端开发,PHP,成都,双流区,5k-10k,在校/应届,本科,双休、法定节假日、年度旅游
253,9589907,PHP 后端开发工程师,123890101,深圳源世界科技有限公司,少于15人,"工具类产品,数据服务｜咨询,社交平台",未融资,开发|测试|运维类,后端开发,其他后端开发,深圳,南山区,18k-25k,3-5年,本科,扁平化管理，工作氛围好，弹性工作
254,9626808,php工程师,153116,讯康信息技术（深圳）有限公司,150-500人,移动互联网,B轮,开发|测试|运维类,后端开发,PHP,深圳,南山区,7k-12k,1-3年,本科,全国出差体验不同地域文化
255,9589907,PHP 后端开发工程师,123890101,深圳源世界科技有限公司,少于15人,"工具类产品,数据服务｜咨询,社交平台",未融资,开发|测试|运维类,后端开发,其他后端开发,深圳,南山区,18k-25k,3-5年,本科,扁平化管理，工作氛围好，弹性工作
256,9512267,php研发工程师,22265,成都创世云图科技有限公司,15-50人,"移动互联网,广告营销",天使轮,开发|测试|运维类,后端开发,PHP,成都,双流区,5k-10k,在校/应届,本科,双休、法定节假日、年度旅游
257,8646601,PHP实习生,122949797,上海快盘网络科技有限公司,50-150人,"软件服务｜咨询,IT技术服务｜咨询,营销服务｜咨询",A轮,开发|测试|运维类,后端开发,后端开发,北京,朝阳区,6k-8k,在校/应届,本科,大厂背景，直接汇报CTO
258,8287618,PHP开发实习生（北京）,85635071,秀川产业互联网有限公司,150-500人,软件服务｜咨询,不需要融资,开发|测试|运维类,后端开发,PHP,北京,丰台区,8k-10k,在校/应届,本科,发展前景好，管理机会
259,9626017,PHP工程师,119884,上海维绿商务咨询有限公司,15-50人,"移动互联网,企业服务",未融资,开发|测试|运维类,后端开发,PHP,上海,杨浦区,8k-12k,1-3年,本科,行业发展前景好，团队氛围佳
260,8606562,php开发工程师,436,北京鸿盈信息技术有限公司,2000人以上,"工具类产品,信息检索,信息安全",上市公司,开发|测试|运维类,后端开发,PHP,北京,朝阳区,18k-35k,1-3年,本科,优秀团队、发展空间、福利完善
261,8488703,PHP开发工程师,102179,上海欣兆阳信息科技有限公司,500-2000人,IT技术服务｜咨询,B轮,开发|测试|运维类,后端开发,PHP,北京,朝阳区,12k-24k,不限,大专,无996，包双餐，外企风
262,8523750,php开发工程师,132512,北京至真互联网技术有限公司,15-50人,"医疗丨健康,移动互联网",A轮,开发|测试|运维类,后端开发,PHP,北京,昌平区,15k-25k,3-5年,本科,五险一金 带薪年假 弹性上下班 下午茶
263,9571576,php开发工程师,117821848,杭州推狐科技有限公司,15-50人,专业服务｜咨询,未融资,开发|测试|运维类,后端开发,PHP,杭州,滨江区,15k-30k,1-3年,大专,自己的产品，不是外包公司
264,8996510,高级PHP开发工程师 (MJ004112),49579,广州欢聚时代信息科技有限公司,2000人以上,"社交媒体,MCN｜直播平台",上市公司,开发|测试|运维类,后端开发,PHP,上海,长宁区,15k-30k,3-5年,本科,健身房；餐补；免费咖啡
265,8429143,PHP开发工程师,5026,北京小唱科技有限公司,500-2000人,内容社区,D轮及以上,开发|测试|运维类,后端开发,PHP,北京,朝阳区,20k-30k,1-3年,本科,成长快、环境优、七险一金、餐补、租房补贴
266,9492674,php程序员,123918875,深圳禾森洋科技有限公司,少于15人,"工具类产品,软件服务｜咨询,IT技术服务｜咨询",未融资,开发|测试|运维类,后端开发,PHP,深圳,龙岗区,8k-12k,1-3年,本科,十几年工作经验的大佬为你领路，希望互相成就
267,9486946,高级PHP开发工程师 (MJ004377),49579,广州欢聚时代信息科技有限公司,2000人以上,"社交媒体,MCN｜直播平台",上市公司,开发|测试|运维类,后端开发,后端开发,广州,番禺区,15k-30k,3-5年,本科,免费咖啡；餐补；健身房
268,9554918,高级php开发工程师,5026,北京小唱科技有限公司,500-2000人,内容社区,D轮及以上,开发|测试|运维类,后端开发,PHP,上海,浦东新区,35k-45k,5-10年,本科,氛围好 上升快
269,8871094,PHP开发主管,29950,深圳华秋电子有限公司,500-2000人,"电商平台,内容资讯",C轮,开发|测试|运维类,后端开发,PHP,深圳,福田区,20k-30k,5-10年,本科,超甲级写字楼，高新企业，晋升空间大，双休
270,9171258,PHP开发工程师(成都）,84452977,成都开心音符科技有限公司,50-150人,"社交,软件开发",A轮,开发|测试|运维类,后端开发,PHP,成都,高新区,14k-24k,3-5年,本科,上班时间弹性1小时
271,9423681,技术经理php方向,123229542,重庆赫本枫科技有限公司,150-500人,"IT技术服务｜咨询,软件服务｜咨询,物联网",未融资,开发|测试|运维类,高端技术职位,技术经理,成都,武侯区,30k-50k,5-10年,本科,入职买五险一金，年终奖，项目奖，生日福利
272,9580734,php研发工程师,131751,标贝（北京）科技有限公司,150-500人,"人工智能服务,数据服务｜咨询",A轮,开发|测试|运维类,后端开发,PHP,北京,海淀区,15k-25k,3-5年,本科,牛人
273,7482337,PHP开发实习生,344288,杭州智团信息技术有限公司,50-150人,在线医疗,不需要融资,开发|测试|运维类,后端开发,PHP,杭州,滨江区,3k-6k,在校/应届,本科,团建、节日福利、餐补、交通补贴
274,9581524,中高级php开发工程师,4112,上海韩创网络科技有限公司,500-2000人,内容社区,不需要融资,开发|测试|运维类,后端开发,PHP,上海,浦东新区,15k-20k,3-5年,大专,期权分红、定期团建、下午茶、节假日福利
275,8332264,PHP初中级软件工程师,54555,格尔软件股份有限公司,500-2000人,信息安全,上市公司,开发|测试|运维类,后端开发,PHP,上海,闸北区,10k-15k,1-3年,本科,上市公司 福利待遇 职业前景
276,8313482,后端工程师（PHP）,121840947,广州市载道信息科技有限公司,15-50人,"数据服务｜咨询,人工智能服务",天使轮,开发|测试|运维类,后端开发,后端开发,广州,黄埔区,10k-12k,1-3年,本科,哈工大、港科大双硕士学位技术总监带队
277,3953289,PHP开发工程师,78827,北京万象新动移动科技有限公司,50-150人,营销服务｜咨询,上市公司,开发|测试|运维类,后端开发,C|C++,北京,东城区,18k-20k,1-3年,本科,"上市公司,发展空间,福利待遇,公司氛围"
278,9326528,软件开发工程师（Java/ios/php）,31304,深圳尚米网络技术有限公司,150-500人,"游戏,电商平台",不需要融资,开发|测试|运维类,后端开发,Java,深圳,宝安区,6k-10k,不限,本科,入职培训、专人带教、内部晋升
279,8963958,PHP技术经理（3-5年经验）,49822,北京讯鸟软件有限公司,150-500人,"软件服务｜咨询,数据服务｜咨询,人工智能服务",上市公司,开发|测试|运维类,移动前端开发,JavaScript,北京,朝阳区,15k-30k,3-5年,本科,朝九晚六双休法定节假日福利
280,8932639,中级开发工程师PHP/Java/Python,212978,广州聚客网络科技有限公司,少于15人,移动互联网,未融资,开发|测试|运维类,数据开发,爬虫,广州,海珠区,7k-10k,1-3年,本科,扁平化管理，学习型研发团队。
281,9450335,php工程师,123621371,茵宝（北京）体育用品有限公司,150-500人,"批发｜零售,电商平台",未融资,开发|测试|运维类,后端开发,PHP,北京,东城区,15k-20k,1-3年,本科,创业团队 氛围和谐 领导nice
282,8990315,PHP高级软件工程师,82790492,西安立辰远景信息技术有限公司,50-150人,"电商,软件开发",未融资,开发|测试|运维类,后端开发,PHP,西安,雁塔区,20k-30k,5-10年,大专,五险一金、定期团建旅游、节日礼品、生日会等
283,8990476,PHP软件工程师,82790492,西安立辰远景信息技术有限公司,50-150人,"电商,软件开发",未融资,开发|测试|运维类,后端开发,后端开发,西安,雁塔区,15k-25k,3-5年,大专,五险一金、定期团建旅游、节日礼品、生日会等
284,9628266,php开发工程师,124420671,深圳市华视视觉科技有限公司,少于15人,"软件服务｜咨询,IT技术服务｜咨询,物联网",不需要融资,开发|测试|运维类,后端开发,PHP,深圳,龙华新区,7k-10k,1-3年,不限,行业趋势
285,7522912,PHP开发工程师,136094,深圳市迷你玩科技有限公司,500-2000人,"游戏,在线教育",B轮,开发|测试|运维类,后端开发,PHP,深圳,南山区,15k-25k,3-5年,本科,领导好，年终奖，下午茶，扁平化管理
286,9418448,中高级php开发工程师,120658412,深圳市领星网络科技有限公司,500-2000人,"软件服务｜咨询,数据服务｜咨询",B轮,开发|测试|运维类,后端开发,PHP,深圳,南山区,20k-40k,5-10年,本科,高速发展、风口赛道、福利丰厚、扁平管理
287,8823284,php开发工程师,335730,广东印萌科技有限公司,50-150人,工具类产品,天使轮,开发|测试|运维类,后端开发,PHP,广州,番禺区,15k-20k,3-5年,本科,发展空间大 氛围好
288,9170053,高级php开发工程师,82761702,深圳智典云科技有限公司,15-50人,其他,未融资,开发|测试|运维类,后端开发,PHP,深圳,福田区,10k-16k,1-3年,本科,发展空间大
289,9628609,php开发工程师,58093,杭州象涛徽软网络科技有限公司,15-50人,电商,未融资,开发|测试|运维类,后端开发,PHP,杭州,西湖区,6k-12k,1-3年,大专,双休，社保，
290,3315260,PHP开发工程师（全栈）,213388,上海佑久健康科技有限公司,15-50人,"移动互联网,医疗丨健康",不需要融资,开发|测试|运维类,后端开发,其他后端开发,上海,普陀区,7k-14k,在校/应届,硕士,"快速成长,开放公正,前沿科技,绩效薪酬"
291,9300583,php程序员,120548229,中山华定科技有限公司,50-150人,"软件开发,物联网",不需要融资,开发|测试|运维类,后端开发,PHP,中山,中山市市辖区,7k-11k,1-3年,大专,五险一金，帶薪年假，外资企业，旅游基金，晋升
292,8306659,php开发工程师,25592,新浪网技术（中国）有限公司,2000人以上,"内容资讯,社交媒体",不需要融资,开发|测试|运维类,后端开发,PHP,北京,海淀区,15k-25k,1-3年,本科,五险一金，大平台，免费班车
293,9517036,php开发工程师,111175,智线云科技（北京）有限公司,50-150人,"IT技术服务｜咨询,数据服务｜咨询",A轮,开发|测试|运维类,后端开发,PHP,武汉,洪山区,10k-15k,3-5年,本科,六险一金 租房补贴
294,7832332,高级php开发工程师,196411,上海智众医疗科技有限公司,50-150人,在线医疗,A轮,开发|测试|运维类,后端开发,PHP,上海,浦东新区,20k-25k,5-10年,本科,发展前景、工作空间、地理位置、福利待遇
295,9627576,php开发工程师,29858,北京汇通阳光信技术有限公司,15-50人,文娱丨内容,未融资,开发|测试|运维类,后端开发,PHP,西安,高新技术产业开发区,6k-7k,1-3年,大专,周末双休 不加班
296,8553289,研发部—PHP工程师,704,人民网股份有限公司,2000人以上,内容资讯,上市公司,开发|测试|运维类,后端开发,PHP,北京,朝阳区,12k-24k,不限,本科,优秀团队
297,8576061,php开发工程师,15533,乐麦信息技术（杭州）有限公司,500-2000人,"营销服务｜咨询,软件服务｜咨询",不需要融资,开发|测试|运维类,后端开发,PHP,杭州,滨江区,15k-25k,3-5年,本科,扁平化、电商平台
298,9156048,php开发工程师,4828,北京当当网信息技术有限公司,2000人以上,电商平台,上市公司,开发|测试|运维类,后端开发,PHP,北京,朝阳区,18k-30k,3-5年,本科,绩效奖金 带薪年假 弹性工作 定期体检
299,9406879,php开发工程师,56665,福建票付通信息科技有限公司,150-500人,"移动互联网,硬件",B轮,开发|测试|运维类,后端开发,PHP,深圳,南山区,18k-30k,3-5年,本科,自研项目 功能已上线 B轮融资
300,8331235,php开发工程师,21187,深圳市云积分科技有限公司,150-500人,营销服务｜咨询,天使轮,开发|测试|运维类,后端开发,PHP,深圳,南山区,15k-25k,5-10年,本科,扁平化管理、发展通道清晰、期权激励
301,9542261,php开发工程师,21229,北京嘉和美康信息技术有限公司,500-2000人,软件服务｜咨询,D轮及以上,开发|测试|运维类,后端开发,PHP,北京,海淀区,12k-20k,1-3年,本科,互联网医疗
302,8932639,中级开发工程师PHP/Java/Python,212978,广州聚客网络科技有限公司,少于15人,移动互联网,未融资,开发|测试|运维类,数据开发,爬虫,广州,海珠区,7k-10k,1-3年,本科,扁平化管理，学习型研发团队。
303,7274020,php开发工程师,344438,深圳市逗娱科技有限公司,50-150人,社交平台,不需要融资,开发|测试|运维类,后端开发,PHP,深圳,南山区,15k-30k,5-10年,大专,双休，扁平化组织，入职培训
304,8822317,php开发工程师,25254,风华正茂科技（北京）有限公司,15-50人,"移动互联网,电商",未融资,开发|测试|运维类,后端开发,PHP,北京,海淀区,10k-15k,1-3年,本科,团队成员热爱技术、积极互助一个美好的大家庭
305,7994842,php,122242153,广州龙猫数据网络科技有限公司,50-150人,游戏,未融资,开发|测试|运维类,后端开发,PHP,广州,天河区,10k-20k,不限,不限,双休，包餐，弹性时间上班，国家带薪休假
306,7994880,php后端,122242153,广州龙猫数据网络科技有限公司,50-150人,游戏,未融资,开发|测试|运维类,后端开发,PHP,广州,天河区,10k-20k,不限,不限,包餐，双休，奖金，带薪假，弹性上班
307,9589639,php工程师,25254,风华正茂科技（北京）有限公司,15-50人,"移动互联网,电商",未融资,开发|测试|运维类,后端开发,PHP,北京,昌平区,8k-15k,1-3年,本科,PHP
308,9286838,php开发工程师,341494,深圳高灯计算机科技有限公司,500-2000人,"软件服务｜咨询,工具类产品",B轮,开发|测试|运维类,后端开发,PHP,合肥,高新区,10k-15k,3-5年,本科,福利待遇、规则制度很完善，氛围好不提倡加班。
309,4841060,php工程师,157809,重庆市九吨科技有限公司,150-500人,营销服务｜咨询,不需要融资,开发|测试|运维类,后端开发,PHP,重庆,渝北区,7k-14k,3-5年,大专,"五险一金,年终奖金，年度旅游，"
310,8041757,高级PHP/GO研发工程师,121855772,成都新大瀚人力资源管理有限公司,2000人以上,其他,不需要融资,开发|测试|运维类,后端开发,GO|Golang,北京,,20k-35k,不限,本科,岗位晋升 规模大
311,8285114,php开发工程师,44091,北京自如生活企业管理有限公司,2000人以上,居住服务,A轮,开发|测试|运维类,后端开发,PHP,北京,朝阳区,20k-40k,5-10年,本科,六险一金 绩效奖金 年度体检 独栋办公
312,8397732,高级PHP开发工程师,236583,上海游盾网络科技有限公司,15-50人,"软件服务｜咨询,网络通信",不需要融资,开发|测试|运维类,后端开发,PHP,上海,普陀区,17k-20k,3-5年,本科,五险一金 双休 年终奖 餐补 节日福利
313,9409601,php高级开发工程师,64705,上海沐瞳科技有限公司,500-2000人,游戏,不需要融资,开发|测试|运维类,后端开发,PHP,上海,闵行区,20k-35k,3-5年,本科,大流量，福利好，发展空间大，团队氛围极好
314,9086686,php开发工程师,236583,上海游盾网络科技有限公司,15-50人,"软件服务｜咨询,网络通信",不需要融资,开发|测试|运维类,后端开发,PHP,上海,普陀区,15k-18k,1-3年,本科,"转正餐补,节日福利,五险一金，年终奖，双休"
315,7305098,php工程师,352383,畅销家（深圳）科技有限公司,50-150人,"软件服务｜咨询,营销服务｜咨询",不需要融资,开发|测试|运维类,后端开发,PHP,深圳,龙岗区,8k-13k,1-3年,大专,"前景好，氛围好,成长快"
316,8219425,PHP软件开发工程师,473951,诺仕科技（苏州）有限公司,500-2000人,"电商,金融",上市公司,开发|测试|运维类,后端开发,PHP,苏州,工业园区,15k-30k,3-5年,本科,年底双薪 带薪年假 午餐补助 五险一金
317,6884416,PHP高级开发工程师,86308,北京讯听网络技术有限公司,50-150人,新媒体,不需要融资,开发|测试|运维类,后端开发,后端开发,北京,朝阳区,15k-30k,不限,本科,五险一金加班补助带薪年假弹性工作补充医疗
318,9343980,php开发工程师,462548,广州天蝎互动网络科技有限公司,50-150人,游戏,不需要融资,开发|测试|运维类,后端开发,PHP,广州,海珠区,10k-15k,1-3年,大专,周末双休 工作餐 年度调薪 工作氛围 年终奖
319,9261267,php开发工程师,74417,广州思久信息科技有限公司,15-50人,软件服务｜咨询,未融资,开发|测试|运维类,后端开发,PHP,广州,天河区,9k-11k,1-3年,大专,五险 年终奖节日福利零食下午茶员工旅游双休
320,9575851,高级PHP开发工程师,335730,广东印萌科技有限公司,50-150人,工具类产品,天使轮,开发|测试|运维类,后端开发,PHP,广州,番禺区,18k-25k,3-5年,大专,发展前景好
321,9014515,PHP开发工程师,144451,致美纷享（北京）科技有限公司,150-500人,电商平台,B轮,开发|测试|运维类,后端开发,PHP,北京,朝阳区,18k-25k,不限,本科,二奢头部赛道、时尚品类、电商
322,6370939,php开发工程师,57112,广州卖家宝信息技术咨询有限公司,50-150人,软件服务｜咨询,不需要融资,开发|测试|运维类,后端开发,PHP,广州,天河区,8k-15k,1-3年,本科,加班工资 季度活动 带薪年假
323,9560082,高级php开发工程师,117821848,杭州推狐科技有限公司,15-50人,专业服务｜咨询,未融资,开发|测试|运维类,后端开发,PHP,杭州,滨江区,15k-30k,1-3年,大专,自己的产品不是外包公司 ；有项目提成；
324,9425070,php开发工程师,204540,深圳市百果互动科技有限公司,150-500人,新零售,B轮,开发|测试|运维类,后端开发,PHP,深圳,南山区,12k-20k,1-3年,大专,团队氛围好
325,9558342,php开发工程师,123370305,深圳超马科技有限公司,15-50人,"数据服务｜咨询,网络通信,区块链",未融资,开发|测试|运维类,后端开发,PHP,深圳,福田区,13k-20k,1-3年,本科,海外团队背景
326,7983548,php开发工程师,122242153,广州龙猫数据网络科技有限公司,50-150人,游戏,未融资,开发|测试|运维类,后端开发,PHP,广州,天河区,10k-20k,不限,大专,包餐，双休
327,9072892,php开发工程师,458287,武汉牛赞赞科技有限公司,150-500人,电商,B轮,开发|测试|运维类,后端开发,PHP,武汉,洪山区,9k-14k,3-5年,大专,不定期团建+节假日福利+月度奖金
328,9486787,php开发工程师,122155795,昆山沃客方舟信息科技有限公司,少于15人,"数据服务｜咨询,专业服务｜咨询",未融资,开发|测试|运维类,后端开发,PHP,苏州,昆山市,7k-12k,1-3年,不限,简单阳光的团队，欢迎你的加入
329,8954462,php开发工程师,8156,北京通达信科科技有限公司,150-500人,企业服务,不需要融资,开发|测试|运维类,后端开发,PHP,北京,海淀区,10k-20k,不限,本科,国企 平台大 机会多
330,8313488,后端工程师（PHP实习）,121840947,广州市载道信息科技有限公司,15-50人,"数据服务｜咨询,人工智能服务",天使轮,开发|测试|运维类,后端开发,后端开发,广州,黄埔区,8k-10k,在校/应届,本科,哈工大、港科大双硕士学位技术总监带队
331,8932639,中级开发工程师PHP/Java/Python,212978,广州聚客网络科技有限公司,少于15人,移动互联网,未融资,开发|测试|运维类,数据开发,爬虫,广州,海珠区,7k-10k,1-3年,本科,扁平化管理，学习型研发团队。
332,8839392,php后端开发工程师,547836,山东基源信息科技有限公司,150-500人,"移动互联网,医疗丨健康",未融资,开发|测试|运维类,后端开发,PHP,上海,静安区,9k-15k,1-3年,本科,双休，五险一金，定期体检，节日福利，绩效奖金
333,7284937,实习PHP后端,267847,深圳市既明科技有限公司,15-50人,"软件服务｜咨询,营销服务｜咨询",不需要融资,开发|测试|运维类,后端开发,PHP,深圳,南山区,3k-6k,在校/应届,本科,每天必备下午茶，团队氛围良好。
334,7914532,php开发工程师,36403,北京中青在线网络信息技术有限公司,150-500人,内容资讯,不需要融资,开发|测试|运维类,后端开发,PHP,北京,东城区,12k-18k,1-3年,本科,中央级单位 六险一金 13薪
335,9561914,php开发工程师,150192,杭州初灵信息技术股份有限公司,500-2000人,数据服务｜咨询,上市公司,开发|测试|运维类,后端开发,后端开发,成都,高新区,14k-16k,3-5年,不限,六险一金、年度体检、带薪年假、员工活动
336,9126044,php开发工程师,441888,广州撒米信息科技有限公司,150-500人,电商平台,未融资,开发|测试|运维类,后端开发,后端开发,广州,海珠区,8k-15k,1-3年,大专,福利好，团队活跃，发展平台大
337,9253692,php开发工程师,55446,贝壳找房（北京）科技有限公司,2000人以上,居住服务,上市公司,开发|测试|运维类,后端开发,PHP,北京,海淀区,20k-40k,3-5年,本科,团队实力、发展前景
338,8212574,PHP开发工程师,129,北京陌陌科技有限公司,500-2000人,社交平台,上市公司,开发|测试|运维类,后端开发,PHP,北京,朝阳区,20k-35k,3-5年,本科,发展空间
339,8672539,php开发工程师,1575,百度在线网络技术（北京）有限公司,2000人以上,"人工智能服务,信息检索,科技金融",上市公司,开发|测试|运维类,后端开发,PHP,北京,海淀区,20k-40k,不限,本科,拒绝996
340,8136103,php开发工程师,1575,百度在线网络技术（北京）有限公司,2000人以上,"人工智能服务,信息检索,科技金融",上市公司,开发|测试|运维类,后端开发,PHP,北京,海淀区,15k-30k,3-5年,本科,快速成长的团队
341,9628673,php开发工程师,123180433,众汇海成（天津）企业管理咨询有限公司,15-50人,专业服务｜咨询,不需要融资,开发|测试|运维类,后端开发,PHP,北京,顺义区,25k-45k,3-5年,本科,"公司有前景,平台大,领导好,六险一金"
342,8591624,php开发工程师,362053,柬单点（厦门）信息科技有限公司,500-2000人,"消费生活,移动互联网",未融资,开发|测试|运维类,后端开发,PHP,厦门,集美区,12k-22k,3-5年,本科,福利待遇好
343,9101290,php开发工程师,215533,上海锐诩企业管理有限公司,500-2000人,企业服务,C轮,开发|测试|运维类,后端开发,PHP,上海,徐汇区,20k-30k,5-10年,本科,"五险一金，周末双休，有餐补,免费提供员工住宿"
344,8808379,高级平台开发工程师（PHP） - 雷火事业群806,329,网易（杭州）网络有限公司,2000人以上,"内容资讯,游戏,音频｜视频媒体",上市公司,开发|测试|运维类,后端开发,PHP,杭州,滨江区,20k-35k,3-5年,本科,平台大
345,9003675,php开发工程师,40618,北京盖娅互娱网络科技股份有限公司,500-2000人,游戏,上市公司,开发|测试|运维类,后端开发,PHP,北京,朝阳区,12k-15k,1-3年,本科,五险一金 弹性工作 带薪年假 年底双薪
346,8280297,php开发工程师,500308,闪电快车软件（北京）有限公司,150-500人,企业服务,D轮及以上,开发|测试|运维类,后端开发,PHP,北京,朝阳区,18k-28k,3-5年,本科,发展前景好
347,9618685,php开发工程师,104249,北京水木优品科技有限公司,150-500人,居住服务,B轮,开发|测试|运维类,后端开发,PHP,北京,东城区,13k-20k,1-3年,本科,年轻团队 行业大牛
348,8932639,中级开发工程师PHP/Java/Python,212978,广州聚客网络科技有限公司,少于15人,移动互联网,未融资,开发|测试|运维类,数据开发,爬虫,广州,海珠区,7k-10k,1-3年,本科,扁平化管理，学习型研发团队。
349,9547452,php开发工程师,85000,深圳市钱海网络技术有限公司,150-500人,IT技术服务｜咨询,A轮,开发|测试|运维类,后端开发,PHP,深圳,南山区,8k-10k,不限,大专,朝九晚六 周末双休 扁平化管理 团队年轻
350,9625144,php开发工程师,491535,窝特科技（武汉）有限公司,50-150人,"移动互联网,消费生活",B轮,开发|测试|运维类,后端开发,PHP,武汉,武昌区,9k-14k,1-3年,本科,技术大牛带队，商圈核心5A写字楼办公
351,6490511,php开发工程师,408146,天津欢鱼科技有限公司,15-50人,电商,天使轮,开发|测试|运维类,后端开发,PHP,北京,丰台区,4k-8k,在校/应届,大专,底薪+销售提成；可利用公司资源自行创业
352,8690746,php开发工程师,1575,百度在线网络技术（北京）有限公司,2000人以上,"人工智能服务,信息检索,科技金融",上市公司,开发|测试|运维类,后端开发,PHP,北京,海淀区,25k-35k,3-5年,本科,15薪
353,9461779,PHP开发工程师,123937964,东莞市酷越电子科技有限公司,50-150人,电商平台,不需要融资,开发|测试|运维类,后端开发,PHP,东莞,东莞市市辖区,10k-15k,1-3年,不限,上班无拘束感，都是90后团队
354,9619010,php开发工程师,1664,游艺春秋网络科技（北京）有限公司,150-500人,游戏,D轮及以上,开发|测试|运维类,后端开发,PHP,北京,海淀区,10k-17k,1-3年,本科,游戏公司、团队稳定、福利好待遇好
355,8780723,php开发工程师,85735,深圳金汇财富金融服务有限公司北京研发分公司,15-50人,科技金融,不需要融资,开发|测试|运维类,后端开发,PHP,北京,海淀区,8k-10k,在校/应届,本科,六险一金、绩效奖金、年度体检、福利丰富
356,8494289,PHP,736219,广东砺云教育科技有限公司,15-50人,"教育,软件开发",不需要融资,开发|测试|运维类,后端开发,PHP,广州,天河区,8k-10k,在校/应届,本科,周末双休、五险一金、不定期团建、下午茶
357,9085390,PHP开发工程师,500308,闪电快车软件（北京）有限公司,150-500人,企业服务,D轮及以上,开发|测试|运维类,后端开发,PHP,北京,朝阳区,15k-30k,3-5年,本科,高速发展
358,9329951,PHP高级开发工程师(J10072),117816773,北京微淼财商科技有限公司,2000人以上,教育、数据服务,未融资,开发|测试|运维类,后端开发,PHP,北京,昌平区,20k-40k,3-5年,本科,技术团队140+
359,9617738,php工程师,242168,广州网律互联网科技有限公司,50-150人,其他,不需要融资,开发|测试|运维类,后端开发,PHP,广州,天河区,8k-11k,1-3年,大专,双休，五险一金，年度体检等
360,8079286,php高级开发工程师,55446,贝壳找房（北京）科技有限公司,2000人以上,居住服务,上市公司,开发|测试|运维类,后端开发,PHP,北京,海淀区,25k-45k,不限,本科,新业务机会多
361,9524003,百度地图-PHP/Go研发工程师,1575,百度在线网络技术（北京）有限公司,2000人以上,"人工智能服务,信息检索,科技金融",上市公司,开发|测试|运维类,后端开发,PHP,北京,海淀区,25k-50k,3-5年,本科,PHP
362,8301138,php开发工程师,171260,北京智麟科技有限公司,150-500人,"移动互联网,数据服务",未融资,开发|测试|运维类,后端开发,PHP,北京,丰台区,10k-18k,1-3年,本科,五险一金，每年一次调薪机会，不定期进行团建
363,9001163,高级php开发工程师,51478,深圳小鹅网络技术有限公司,500-2000人,工具类产品,D轮及以上,开发|测试|运维类,后端开发,PHP,深圳,南山区,20k-30k,5-10年,本科,公司大牛 发展空间 薪资丰厚
364,5707606,php开发工程师,58109,五五海淘（上海）科技股份有限公司,150-500人,"电商平台,营销服务｜咨询",上市公司,开发|测试|运维类,后端开发,PHP,上海,徐汇区,15k-25k,3-5年,本科,"平台大,发展快,氛围佳"
365,9390646,php开发工程师,122531575,深圳市易检车服科技有限公司,150-500人,"智能硬件,制造业",未融资,开发|测试|运维类,后端开发,PHP,深圳,龙岗区,10k-15k,1-3年,本科,发展前景 奖金丰富
366,8239022,高级php开发工程师,58109,五五海淘（上海）科技股份有限公司,150-500人,"电商平台,营销服务｜咨询",上市公司,开发|测试|运维类,后端开发,PHP,重庆,渝北区,14k-18k,5-10年,本科,"平台大,发展快,环境佳"
367,8950933,php开发工程师,143950,深圳市农博创新科技有限公司,50-150人,智能硬件,不需要融资,开发|测试|运维类,后端开发,PHP,深圳,南山区,12k-20k,1-3年,本科,周末双休 五险一金 每周下午茶 带薪年假
368,8327807,PHP开发工程师,117964996,深圳市明源云客电子商务有限公司,500-2000人,"电商平台,工具类产品,软件服务｜咨询",上市公司,开发|测试|运维类,后端开发,PHP,深圳,南山区,15k-25k,3-5年,本科,行业独角兽，福利满满！
369,8083060,PHP开发工程师,141291,广州趣米网络科技有限公司,150-500人,营销服务｜咨询,A轮,开发|测试|运维类,后端开发,PHP,广州,天河区,7k-10k,不限,不限,周末双休 年度旅游 培训晋升 上班不打卡
370,9236445,PHP-GO工程师,436,北京鸿盈信息技术有限公司,2000人以上,"工具类产品,信息检索,信息安全",上市公司,开发|测试|运维类,后端开发,PHP,北京,朝阳区,20k-30k,3-5年,本科,福利好/发展空间大/工作氛围好/架构扁平化
371,9617672,php开发工程师,242168,广州网律互联网科技有限公司,50-150人,其他,不需要融资,开发|测试|运维类,后端开发,后端开发,广州,天河区,8k-11k,1-3年,不限,php
372,9323598,高级php开发工程师,85706130,深圳理想动力信息技术有限公司,150-500人,电商平台,不需要融资,开发|测试|运维类,后端开发,PHP,深圳,龙岗区,18k-24k,5-10年,大专,双休、五险一金、团建旅游
373,9463195,php开发工程师,241998,北京立诚致广资讯有限公司,15-50人,金融,天使轮,开发|测试|运维类,后端开发,PHP,北京,朝阳区,15k-22k,3-5年,本科,五险一金、生日会、生日礼物、过节费
374,7385389,高级php开发工程师,24984,成都医云科技有限公司,500-2000人,"社交平台,在线医疗",D轮及以上,开发|测试|运维类,后端开发,PHP,成都,高新区,17k-25k,3-5年,本科,独角兽企业 互联网医疗风口 准上市
375,9372945,php开发工程师,120730090,广州悦之跑信息科技有限公司,150-500人,"内容社区,工具类产品",C轮,开发|测试|运维类,后端开发,PHP,广州,天河区,12k-18k,3-5年,大专,优秀的团队、扁平化的管理
376,9266020,PHP开发工程师,31304,深圳尚米网络技术有限公司,150-500人,"游戏,电商平台",不需要融资,开发|测试|运维类,后端开发,PHP,深圳,宝安区,6k-10k,不限,本科,"员工旅游,五险一金,提供培训,发展空间大"
377,9265202,php开发工程师,60152,摩森特（北京）科技有限公司,15-50人,"IT技术服务｜咨询,营销服务｜咨询",不需要融资,开发|测试|运维类,后端开发,PHP,北京,海淀区,15k-18k,3-5年,本科,五险一金、季度劳保、福利棒、团队氛围好
378,9525684,PHP开发工程师,5580,深圳市明源云科技有限公司,2000人以上,人工智能服务,上市公司,开发|测试|运维类,后端开发,PHP,深圳,南山区,18k-35k,3-5年,本科,上市公司 平台大 大牛多 福利多
379,9582695,php开发工程师,117646467,广州罗拉信息科技有限公司,150-500人,电商平台,未融资,开发|测试|运维类,后端开发,PHP,广州,天河区,10k-15k,3-5年,大专,交通方便
380,320157,PHP开发工程师,40906,厦门文杉信息科技有限公司,15-50人,移动互联网,未融资,开发|测试|运维类,后端开发,PHP,厦门,集美区,7k-13k,1-3年,本科,"13薪+,额外项目奖,年度旅游,月月活动"
381,8530916,php开发工程师,124652,上海微创软件股份有限公司,2000人以上,IT技术服务｜咨询,不需要融资,开发|测试|运维类,后端开发,PHP,上海,徐汇区,10k-14k,1-3年,本科,周末双休，加班薪资，五险一金
382,9120012,PHP后端开发工程师,37771,北京石头世纪科技股份有限公司,500-2000人,智能硬件,上市公司,开发|测试|运维类,后端开发,PHP,北京,海淀区,20k-35k,3-5年,本科,上市智能硬件公司、扁平管理、七险一金
383,9629118,php高级开发工程师,158091,广州挪贤计算机科技有限公司,50-150人,教育,天使轮,开发|测试|运维类,后端开发,PHP,广州,天河区,15k-20k,3-5年,大专,周末双休
384,9380267,文库研发部_PHP研发工程师,1575,百度在线网络技术（北京）有限公司,2000人以上,"人工智能服务,信息检索,科技金融",上市公司,开发|测试|运维类,后端开发,PHP,北京,海淀区,18k-35k,不限,本科,大厂工作经历
385,8307058,自动驾驶技术部-C++/PHP研发工程师,1575,百度在线网络技术（北京）有限公司,2000人以上,"人工智能服务,信息检索,科技金融",上市公司,开发|测试|运维类,后端开发,C|C++,北京,海淀区,20k-40k,不限,本科,大平台，发展前景大
386,9626427,初级PHP后端工程师,39568,乐山茂松软件有限公司成都分公司,150-500人,"移动互联网,社交",不需要融资,开发|测试|运维类,后端开发,PHP,成都,武侯区,9k-12k,1-3年,本科,创新思维、年轻团队、多元化、成长空间大
387,9387007,php开发工程师（深圳/珠海）,31304,深圳尚米网络技术有限公司,150-500人,"游戏,电商平台",不需要融资,开发|测试|运维类,后端开发,PHP,深圳,宝安区,6k-10k,不限,本科,五险一金、提供住宿、班车接送、早餐下午茶
388,9573211,中高级php开发工程师,117821848,杭州推狐科技有限公司,15-50人,专业服务｜咨询,未融资,开发|测试|运维类,后端开发,PHP,杭州,滨江区,15k-30k,1-3年,大专,自己的产品，不是外包公司 有项目提成
389,8997547,高级/资深php开发工程师,55446,贝壳找房（北京）科技有限公司,2000人以上,居住服务,上市公司,开发|测试|运维类,后端开发,PHP,北京,海淀区,30k-45k,5-10年,本科,16薪 上市公司
390,8997547,高级/资深php开发工程师,55446,贝壳找房（北京）科技有限公司,2000人以上,居住服务,上市公司,开发|测试|运维类,后端开发,PHP,北京,海淀区,30k-45k,5-10年,本科,16薪 上市公司
391,7975851,后端开发工程师PHP/GO,23291,厦门美图之家科技有限公司,2000人以上,"工具类产品,智能硬件",上市公司,开发|测试|运维类,后端开发,PHP,北京,海淀区,15k-30k,3-5年,本科,上市公司 晋升空间 扁平化管理
392,7907117,PHP研发工程师,120652747,北京一零跃动网络信息技术有限公司,500-2000人,"数据服务｜咨询,IT技术服务｜咨询",不需要融资,开发|测试|运维类,后端开发,PHP,北京,朝阳区,20k-35k,3-5年,本科,技术大牛 不打卡 妹子多
393,8921598,高级PHP工程师 (MJ003803),492335,广州希音供应链管理有限公司,2000人以上,电商平台,C轮,开发|测试|运维类,后端开发,PHP,广州,番禺区,18k-25k,不限,本科,双休，弹性工作，年终奖金，扁平管理，大平台
394,8924317,php开发工程师,115784,东莞市天高网络科技有限公司,15-50人,移动互联网,未融资,开发|测试|运维类,后端开发,PHP,东莞,东莞市市辖区,9k-15k,1-3年,大专,下午茶 五险一金 周末双休 朝九晚六
395,9624720,php开发工程师,118576788,上海初人信息科技有限公司,15-50人,"文娱丨内容,社交",天使轮,开发|测试|运维类,后端开发,PHP,温州,瑞安市,15k-25k,不限,大专,发展前景，薪资福利
396,6791320,软件工程师（Python/PHP/Java）,111175,智线云科技（北京）有限公司,50-150人,"IT技术服务｜咨询,数据服务｜咨询",A轮,开发|测试|运维类,后端开发,其他后端开发,北京,朝阳区,11k-20k,1-3年,本科,六险一金 团队优秀 超长年假 团建活动
397,4558718,研发工程师(php/python/golang),25592,新浪网技术（中国）有限公司,2000人以上,"内容资讯,社交媒体",不需要融资,开发|测试|运维类,后端开发,其他后端开发,北京,海淀区,15k-30k,不限,本科,"平台大,牛人多,免费健身"
398,8718522,PHP开发工程师-云链 (MJ000250),5580,深圳市明源云科技有限公司,2000人以上,人工智能服务,上市公司,开发|测试|运维类,后端开发,PHP,深圳,南山区,16k-30k,5-10年,本科,上市公司 专业团队 超nice的工作氛围
399,9561019,资深python/php开发工程师,111175,智线云科技（北京）有限公司,50-150人,"IT技术服务｜咨询,数据服务｜咨询",A轮,开发|测试|运维类,后端开发,后端开发,珠海,香洲区,13k-20k,3-5年,本科,六险一金 超长年假 租房补贴
400,9018799,《35万顶薪》PHP开发工程师0001,47375,上海敬游软件科技有限公司,150-500人,游戏,不需要融资,开发|测试|运维类,后端开发,PHP,青岛,市南区,10k-20k,3-5年,大专,游戏公司
401,9018257,《35万顶薪》PHP开发工程师0000,47375,上海敬游软件科技有限公司,150-500人,游戏,不需要融资,开发|测试|运维类,后端开发,PHP,青岛,市南区,10k-20k,3-5年,大专,游戏公司
402,9396002,PHP开发专家 (MJ000189),22897,上海晓途网络科技有限公司,150-500人,科技金融,B轮,开发|测试|运维类,后端开发,PHP,上海,长宁区,20k-35k,5-10年,本科,发展前景
403,9491300,PHP开发专家,22897,上海晓途网络科技有限公司,150-500人,科技金融,B轮,开发|测试|运维类,后端开发,PHP,上海,长宁区,20k-40k,5-10年,本科,发展前景
404,9205629,初级PHP开发,134962,上海小零网络科技有限公司,50-150人,"移动互联网,消费生活",C轮,开发|测试|运维类,后端开发,PHP,上海,浦东新区,10k-18k,1-3年,本科,弹性制度，双休五险一金
405,7914739,php开发工程师,416705,敦煌智慧旅游有限责任公司,150-500人,"旅游,移动互联网",不需要融资,开发|测试|运维类,后端开发,PHP,西安,高新技术产业开发区,10k-15k,不限,本科,五险一金、定期体检
406,9423505,技术部经理:20-50K 主攻php、Larave!与Docker必备,123824198,四川创凌联动科技有限公司,50-150人,IT技术服务｜咨询,不需要融资,开发|测试|运维类,高端技术职位,技术经理,成都,高新区,20k-40k,5-10年,本科,五险一金
407,9564514,中高级php开发工程师,117646467,广州罗拉信息科技有限公司,150-500人,电商平台,未融资,开发|测试|运维类,后端开发,PHP,广州,天河区,10k-15k,1-3年,大专,每月团建、下午茶、加班补贴、加班补贴
408,9627218,php全栈工程师,420184,浙江知学网络科技有限公司,50-150人,教育,不需要融资,开发|测试|运维类,后端开发,全栈,宁波,鄞州区,15k-25k,3-5年,大专,多劳多得，季度调薪，年度旅游，周末双休
409,9628948,高级PHP开发工程师 T6+,123548353,武汉新仕佳人力资源有限公司,50-150人,"工具类产品,专业服务｜咨询",不需要融资,开发|测试|运维类,后端开发,PHP,北京,朝阳区,35k-65k,5-10年,本科,安居客
410,9623527,php开发工程师,123180433,众汇海成（天津）企业管理咨询有限公司,15-50人,专业服务｜咨询,不需要融资,开发|测试|运维类,后端开发,PHP,深圳,南山区,15k-30k,3-5年,本科,早9晚六，双休，
411,8119316,PHP后台开发工程师,312260,深圳市云启星辰高新科技有限责任公司,50-150人,软件服务｜咨询,B轮,开发|测试|运维类,后端开发,PHP,深圳,南山区,11k-18k,1-3年,本科,行业引领者、技术大牛多、福利好、周末双休
412,6263920,资深PHP后端开发工程师,312260,深圳市云启星辰高新科技有限责任公司,50-150人,软件服务｜咨询,B轮,开发|测试|运维类,后端开发,PHP,深圳,南山区,15k-25k,5-10年,本科,腾讯系，天使轮千万融资，丰厚的股权激励
413,8547759,php开发工程师,16279,北京比特安索信息技术有限公司,少于15人,信息安全,未融资,开发|测试|运维类,后端开发,PHP,北京,海淀区,10k-18k,在校/应届,本科,大牛带队 晋升空间大
414,8418898,php开发工程师,122731722,上海同丰路桥科技有限公司,150-500人,网络通信,未融资,开发|测试|运维类,后端开发,PHP,上海,宝山区,5k-10k,在校/应届,大专,团队技术实力雄厚，发展前景好，薪资待遇优
415,7999330,中高级php开发工程师（发行公司）,122242153,广州龙猫数据网络科技有限公司,50-150人,游戏,未融资,开发|测试|运维类,后端开发,PHP,广州,天河区,13k-26k,1年以下,大专,包餐，双休，五险一金，带薪节假日
416,8354116,PHP工程师,555107,四川绿源集科技有限公司,15-50人,"移动互联网,医疗丨健康",不需要融资,开发|测试|运维类,后端开发,PHP,成都,金牛区,10k-12k,3-5年,本科,双休 五险一金 企业实力
417,6801215,经营平台PHP工程师(腾讯西安子公司）,451,腾讯科技（深圳）有限公司,2000人以上,"游戏,社交媒体,音频｜视频媒体",上市公司,开发|测试|运维类,后端开发,PHP,西安,高新技术产业开发区,18k-30k,3-5年,本科,腾讯 西安
418,6818072,西安腾讯云交付管理平台PHP开发工程师,451,腾讯科技（深圳）有限公司,2000人以上,"游戏,社交媒体,音频｜视频媒体",上市公司,开发|测试|运维类,后端开发,PHP,西安,高新技术产业开发区,15k-30k,3-5年,本科,腾讯云全资子公司
419,8466008,PHP/GO架构师,44091,北京自如生活企业管理有限公司,2000人以上,居住服务,A轮,开发|测试|运维类,后端开发,PHP,北京,朝阳区,30k-45k,5-10年,本科,五险一金 补充医疗 租房补助 绩效奖金
420,9553271,php开发工程师(中高级),84502297,深圳市法本信息技术股份有限公司,2000人以上,"人工智能服务,IT技术服务｜咨询",上市公司,开发|测试|运维类,后端开发,PHP,深圳,南山区,13k-17k,3-5年,大专,过年过节礼物、生日礼物、不定期下午茶等
421,9268812,php高级开发工程师,737507,广州精灵计算机系统有限公司,15-50人,软件开发,天使轮,开发|测试|运维类,后端开发,GO|Golang,广州,天河区,20k-30k,3-5年,本科,五险一金 双休
422,9567772,PHP开发工程师-成都,57350,杭州微拍堂文化创意有限公司,500-2000人,电商平台,A轮,开发|测试|运维类,后端开发,PHP,杭州,西湖区,15k-25k,5-10年,大专,六险一金 高额餐补 节日福利
423,9595767,php开发工程师,692342,合肥快隆信息科技有限公司,500-2000人,企业服务,未融资,开发|测试|运维类,后端开发,PHP,合肥,蜀山区,7k-14k,1-3年,大专,季度奖、年终奖、13薪、带薪年假等福利津贴
424,9547789,PHP/Go研发工程师,2474,北京嘀嘀无限科技发展有限公司,2000人以上,旅游｜出行,不需要融资,开发|测试|运维类,后端开发,GO|Golang,北京,海淀区,25k-45k,3-5年,本科,高增长业务
425,9185827,资深php工程师,473329,广州细刻网络科技有限公司,500-2000人,电商平台,B轮,开发|测试|运维类,后端开发,PHP,广州,番禺区,20k-35k,3-5年,本科,双休 五险一金 晋升机制 带薪年假 多次调薪
426,8070784,PHP初级研发工程师,352383,畅销家（深圳）科技有限公司,50-150人,"软件服务｜咨询,营销服务｜咨询",不需要融资,开发|测试|运维类,后端开发,PHP,深圳,龙岗区,6k-10k,不限,本科,公司业务持续增长 环境好 氛围佳 待遇好
427,9347689,php高级开发工程师,352383,畅销家（深圳）科技有限公司,50-150人,"软件服务｜咨询,营销服务｜咨询",不需要融资,开发|测试|运维类,后端开发,PHP,深圳,龙岗区,15k-25k,3-5年,本科,发展前景好，平台大，机会多
428,9161829,php开发工程师,123640347,深圳浪森科技有限公司,15-50人,IT技术服务｜咨询,未融资,开发|测试|运维类,后端开发,PHP,深圳,龙岗区,7k-10k,不限,不限,项目分红
429,9627384,php高级开发工程师,122135780,广州德瀚网络科技有限公司,150-500人,电商平台,不需要融资,开发|测试|运维类,后端开发,PHP,广州,番禺区,13k-20k,3-5年,本科,甲方项目，五险一金
430,9413814,Go/PHP服务端开发工程师,112992,南京蓝鲸人网络科技有限公司,150-500人,内容社区,B轮,开发|测试|运维类,后端开发,PHP,北京,海淀区,18k-25k,1-3年,本科,六险一金 年终奖金 免费晚餐 租房补助
431,9572169,php架构师,25205,厦门吉比特网络技术股份有限公司,500-2000人,游戏,上市公司,开发|测试|运维类,后端开发,PHP,深圳,南山区,30k-50k,3-5年,本科,大牛团队
432,9625049,php后端开发工程师,124416122,成都米特优网络有限公司,少于15人,"软件服务｜咨询,社交平台",不需要融资,开发|测试|运维类,后端开发,PHP,成都,武侯区,10k-15k,1-3年,大专,压力小，灵性上班时间
433,8805100,php开发工程师,28722,成都我趣科技有限公司,50-150人,"移动互联网,消费生活",B轮,开发|测试|运维类,后端开发,PHP,成都,高新区,10k-15k,3-5年,本科,五险一金，项目奖金
434,9061455,百度地图PHP高级工程师,1575,百度在线网络技术（北京）有限公司,2000人以上,"人工智能服务,信息检索,科技金融",上市公司,开发|测试|运维类,后端开发,PHP,北京,海淀区,15k-30k,3-5年,本科,百度地图千万级用户产品发展空间大
435,9003088,商业架构部_PHP/GO高级研发工程师,1575,百度在线网络技术（北京）有限公司,2000人以上,"人工智能服务,信息检索,科技金融",上市公司,开发|测试|运维类,后端开发,PHP,北京,海淀区,20k-35k,不限,本科,大厂
436,5663819,资深PHP工程师,55446,贝壳找房（北京）科技有限公司,2000人以上,居住服务,上市公司,开发|测试|运维类,后端开发,PHP,北京,海淀区,25k-50k,5-10年,本科,免费三餐，带薪年假
437,9487009,高级php开发工程师,123407280,北京嘉德启美文化发展有限公司,500-2000人,"IT技术服务｜咨询,专业服务｜咨询",上市公司,开发|测试|运维类,后端开发,PHP,深圳,南山区,20k-30k,3-5年,本科,大神领队 资金雄厚 行业领先 团队给力
438,9486998,php开发工程师,123407280,北京嘉德启美文化发展有限公司,500-2000人,"IT技术服务｜咨询,专业服务｜咨询",上市公司,开发|测试|运维类,后端开发,PHP,深圳,南山区,15k-25k,3-5年,本科,大神领队 资金雄厚 行业领先 团队给力
439,7894396,资深php开发工程师,55446,贝壳找房（北京）科技有限公司,2000人以上,居住服务,上市公司,开发|测试|运维类,后端开发,PHP,北京,海淀区,30k-50k,3-5年,本科,16薪免费三餐大牛多多
440,8019263,创新项目-高级PHP开发工程师,129,北京陌陌科技有限公司,500-2000人,社交平台,上市公司,开发|测试|运维类,后端开发,PHP,北京,朝阳区,25k-40k,3-5年,本科,免费咖啡、下午茶~超nice的小伙伴
441,8332182,PHP/GO研发工程师,436,北京鸿盈信息技术有限公司,2000人以上,"工具类产品,信息检索,信息安全",上市公司,开发|测试|运维类,后端开发,PHP,北京,朝阳区,25k-40k,5-10年,本科,商业化核心业务，核心团队，大牛带队，待遇优厚
442,8217577,PHP工程师（校招）(78QP),2098,掌阅科技股份有限公司,500-2000人,"内容社区,音频｜视频媒体",上市公司,开发|测试|运维类,后端开发,PHP,北京,朝阳区,15k-25k,在校/应届,本科,"下午茶, 瑜伽健身, 六险一金, 餐补"
443,9626201,php高级开发工程师,123708669,苏州你的先生文化创意有限公司,2000人以上,"社交平台,专业服务｜咨询,软件服务｜咨询",未融资,开发|测试|运维类,后端开发,PHP,苏州,姑苏区,15k-20k,5-10年,本科,五险一金，周末双休
444,8689941,高级php开发工程师,244316,上海骊翰科技咨询有限公司,50-150人,IT技术服务｜咨询,A轮,开发|测试|运维类,后端开发,PHP,北京,朝阳区,20k-40k,5-10年,本科,扁平化管理
445,9082887,PHP开发工程师,475992,深圳微播信息技术有限公司,150-500人,"游戏,新媒体",未融资,开发|测试|运维类,后端开发,PHP,深圳,南山区,10k-20k,1-3年,本科,扁平管理，晋升空间大，年轻有趣，弹性上班
446,8109857,php高级开发工程师,14285,快宝（上海）网络技术有限公司,50-150人,移动互联网,天使轮,开发|测试|运维类,后端开发,PHP,上海,长宁区,15k-25k,不限,本科,五险一金 餐费补贴 年假 下午茶 生日会
447,9428906,php高级开发工程师（双休、非外包）,44600,成都天府星空网络科技有限公司,500-2000人,电商平台,不需要融资,开发|测试|运维类,后端开发,PHP,成都,高新区,10k-15k,3-5年,本科,五险一金，节假日福利、带薪假期、技能提升
448,6469312,软件工程师PHP/Java,82790492,西安立辰远景信息技术有限公司,50-150人,"电商,软件开发",未融资,开发|测试|运维类,后端开发,Java,西安,雁塔区,9k-12k,在校/应届,本科,项目奖、零食、生日会、法定节假日
449,3090635,招聘PHP软件工程师,58093,杭州象涛徽软网络科技有限公司,15-50人,电商,未融资,开发|测试|运维类,后端开发,PHP,杭州,西湖区,6k-12k,在校/应届,大专,"双休,买社保,餐补,交通补"
